epoch,train_loss,train_od_loss,train_sc_loss,train_dc_loss,train_label_loss,train_box_loss,val_loss,val_od_loss,val_sc_loss,val_dc_loss,val_label_loss,val_box_loss,val_od_vessel_sten_overall_acc,val_sc_cube_sten_overall_acc,val_sc_cube_plaq_overall_acc,val_sc_cube_joint_overall_acc,val_sc_vessel_sten_overall_acc,val_od_and_sc_vessel_sten_overall_acc,val_od_vessel_sten_macro_precision,val_sc_cube_sten_macro_precision,val_sc_cube_plaq_macro_precision,val_sc_vessel_sten_macro_precision,val_od_and_sc_vessel_sten_macro_precision,val_od_vessel_sten_macro_recall,val_sc_cube_sten_macro_recall,val_sc_cube_plaq_macro_recall,val_sc_vessel_sten_macro_recall,val_od_and_sc_vessel_sten_macro_recall,val_od_vessel_sten_macro_f1,val_sc_cube_sten_macro_f1,val_sc_cube_plaq_macro_f1,val_sc_vessel_sten_macro_f1,val_od_and_sc_vessel_sten_macro_f1,val_od_vessel_sten_per_class_recall,val_sc_cube_sten_per_class_recall,val_sc_cube_plaq_per_class_recall,val_sc_vessel_sten_per_class_recall,val_od_and_sc_vessel_sten_per_class_recall,val_sc_cube_joint_per_class_recall,val_sc_cube_joint_macro_precision,val_sc_cube_joint_macro_recall,val_sc_cube_joint_macro_f1
1,6.6901743358979795,2.6942911393898354,1.3708094358654683,1.2542643214728535,1.8314716121402836,0.8628195280124996,7.641664997406458,2.5013284853021185,1.6347528094707682,1.8708309094346949,1.8310499732501428,0.6702785136216826,0.4710252600297177,0.8471861069836553,0.8378064635958395,0.8223904160475483,0.5661218424962853,0.5705794947994056,0.3189558747753522,0.4630105037590411,0.32772209445371026,0.3820330969267139,0.3952950208379031,0.4112662379303395,0.46480982948103094,0.3695040688805534,0.46036937283570606,0.4507228054746331,0.3434093206023692,0.46291709739812487,0.34691839849524864,0.4167954430094185,0.41211261366425417,"[np.float64(0.8362831858407079), np.float64(0.39751552795031053), np.float64(0.0)]","[np.float64(0.9596765071824455), np.float64(0.4347529812606474), np.float64(0.0)]","[np.float64(0.9596765071824455), np.float64(0.0), np.float64(0.5183397683397684), np.float64(0.0)]","[np.float64(0.6637168141592921), np.float64(0.717391304347826), np.float64(0.0)]","[np.float64(0.5353982300884956), np.float64(0.8167701863354038), np.float64(0.0)]","[np.float64(0.9596765071824455), np.float64(0.0), np.float64(0.47870967741935483), np.float64(0.0), np.float64(0.0), np.float64(0.0), np.float64(0.0)]",0.16892215842229147,0.20548374065740002,0.1836171424227548
2,6.117895646957354,2.4293014544172813,1.2413825950779989,1.2058289977327241,1.767570135009996,0.6617313208069,7.631210938405566,2.505846059994457,1.6249562137558482,1.8754524409947835,1.8231367414004724,0.6827093173559059,0.512630014858841,0.8545690936106983,0.843657132243685,0.8253621842496285,0.6270430906389302,0.6032689450222882,0.34174655394012293,0.6690024739512794,0.445693168991929,0.7088736614598683,0.7022023943594679,0.4301379651514319,0.49710447736647123,0.3996365266153372,0.5291835321277415,0.49547093204346,0.37905613512170894,0.4901045924629397,0.3671012495947924,0.49405355709877224,0.47280229482883235,"[np.float64(0.7345132743362832), np.float64(0.5559006211180124), np.float64(0.0)]","[np.float64(0.9526637258228707), np.float64(0.5277683134582624), np.float64(0.01088139281828074)]","[np.float64(0.9526637258228707), np.float64(0.0), np.float64(0.6336872586872587), np.float64(0.012195121951219513)]","[np.float64(0.8141592920353983), np.float64(0.717391304347826), np.float64(0.056)]","[np.float64(0.6415929203539823), np.float64(0.7888198757763976), np.float64(0.056)]","[np.float64(0.9526637258228707), np.float64(0.0), np.float64(0.5954838709677419), np.float64(0.004792332268370607), np.float64(0.0), np.float64(0.0038314176245210726), np.float64(0.007246376811594203)]",0.3027472362236084,0.22343110335644265,0.19493013883139573
3,5.993902182595878,2.4051595457571713,1.2015206676060701,1.1857012890195107,1.726229666253436,0.6789298805718621,7.459020444830377,2.4402507511727536,1.609253624426505,1.8002624380836147,1.7923411820691841,0.6479095720882232,0.46805349182763745,0.8582373699851411,0.8515973254086181,0.8316771916790491,0.6463595839524517,0.6448736998514116,0.32245299436310676,0.6395506038819524,0.48917725855296,0.6706024206024207,0.6694657417548985,0.4241466498103666,0.5203407542797022,0.4216763050351052,0.592662159438612,0.5911872331849246,0.32886176606564954,0.5458132639382759,0.41724660470942393,0.5843091725996358,0.5832075130431159,"[np.float64(0.9867256637168141), np.float64(0.2857142857142857), np.float64(0.0)]","[np.float64(0.9608076009501187), np.float64(0.4674616695059625), np.float64(0.13275299238302501)]","[np.float64(0.9608076009501187), np.float64(0.0), np.float64(0.5950772200772201), np.float64(0.13082039911308205)]","[np.float64(0.9070796460176991), np.float64(0.6149068322981367), np.float64(0.256)]","[np.float64(0.9026548672566371), np.float64(0.6149068322981367), np.float64(0.256)]","[np.float64(0.9608076009501187), np.float64(0.0), np.float64(0.5464516129032259), np.float64(0.001597444089456869), np.float64(0.0), np.float64(0.017241379310344827), np.float64(0.23550724637681159)]",0.2642934135071078,0.25165789766142255,0.23613396265042302
4,5.834878624832562,2.3317388170477695,1.1609323278890322,1.1812751528696488,1.6805888544662861,0.6511499650334402,7.57445935184241,2.46986087351949,1.6061785787078677,1.892241358757019,1.8090576994666714,0.6608031754677657,0.5898959881129272,0.8439821693907875,0.8364134472511144,0.8136608469539376,0.6582466567607727,0.6656760772659732,0.6164821092278719,0.622619043888506,0.4938164525963744,0.6662962163129346,0.6803639604733086,0.4929476172154126,0.5652663838501787,0.4565789062504925,0.6013707836347313,0.5989439161582294,0.4460630847770033,0.5802923203533773,0.4400689658951874,0.6085001197108821,0.6146995307251643,"[np.float64(0.7920353982300885), np.float64(0.6708074534161491), np.float64(0.016)]","[np.float64(0.9278927723108246), np.float64(0.527427597955707), np.float64(0.24047878128400435)]","[np.float64(0.9278927723108246), np.float64(0.0), np.float64(0.680019305019305), np.float64(0.21840354767184036)]","[np.float64(0.7964601769911505), np.float64(0.6956521739130435), np.float64(0.312)]","[np.float64(0.7035398230088495), np.float64(0.7732919254658385), np.float64(0.32)]","[np.float64(0.9278927723108246), np.float64(0.0), np.float64(0.6264516129032258), np.float64(0.001597444089456869), np.float64(0.0), np.float64(0.06321839080459771), np.float64(0.40217391304347827)]",0.32706440082691834,0.28876201902165477,0.2583428303249355
5,5.814818989085612,2.3154018098793627,1.1424028879862889,1.214611405559347,1.6598356211358039,0.6555661900090001,7.317295080122679,2.401585697420273,1.5982727498611993,1.7191639084490542,1.7704170379865063,0.6311686606718454,0.5052005943536404,0.8660846953937593,0.8611162704309064,0.8422641158989599,0.62555720653789,0.6285289747399703,0.34385248690208886,0.6688882802867854,0.5166945836342113,0.6873151509040801,0.6885576441102756,0.45046629656094833,0.5017003072941547,0.4146424184008912,0.5749765294343978,0.5766071932428224,0.3622353614342933,0.5311546675216691,0.42404307914454215,0.5525419505055901,0.5551459085635518,"[np.float64(0.9911504424778761), np.float64(0.36024844720496896), np.float64(0.0)]","[np.float64(0.9783395543490555), np.float64(0.43100511073253833), np.float64(0.0957562568008705)]","[np.float64(0.9783395543490555), np.float64(0.0), np.float64(0.5405405405405406), np.float64(0.13968957871396895)]","[np.float64(0.9734513274336283), np.float64(0.5434782608695652), np.float64(0.208)]","[np.float64(0.9690265486725663), np.float64(0.5527950310559007), np.float64(0.208)]","[np.float64(0.9783395543490555), np.float64(0.0), np.float64(0.49032258064516127), np.float64(0.04313099041533546), np.float64(0.0), np.float64(0.01532567049808429), np.float64(0.16304347826086957)]",0.3112528013008914,0.24145175345264372,0.24057739651851498
6,5.7030034764422535,2.2587513710335316,1.106227549213895,1.231796996994207,1.6143801779838773,0.644371190866045,7.481803107332405,2.4008693571260493,1.6027446741166385,1.8754443934833969,1.776819659269882,0.624049695866398,0.5735512630014858,0.8399424219910847,0.8332559435364042,0.8091567607726597,0.6641901931649331,0.6582466567607727,0.6186134266405955,0.6019189291784017,0.5900483130446547,0.6581029095419787,0.6506335266500967,0.5401212187837813,0.5891007367334353,0.4539967838532884,0.607015592077539,0.6031870866084025,0.5169836195495963,0.5933508685931163,0.4252430992772882,0.615303830079975,0.611894579890566,"[np.float64(0.9380530973451328), np.float64(0.4503105590062112), np.float64(0.232)]","[np.float64(0.9202578893790295), np.float64(0.5151618398637138), np.float64(0.33188248095756256)]","[np.float64(0.9202578893790295), np.float64(0.0011363636363636363), np.float64(0.7393822393822393), np.float64(0.15521064301552107)]","[np.float64(0.7787610619469026), np.float64(0.7142857142857143), np.float64(0.328)]","[np.float64(0.7654867256637168), np.float64(0.7080745341614907), np.float64(0.336)]","[np.float64(0.9202578893790295), np.float64(0.0013175230566534915), np.float64(0.6135483870967742), np.float64(0.03035143769968051), np.float64(0.0), np.float64(0.21839080459770116), np.float64(0.25)]",0.3827215899889194,0.290552291689977,0.27203988932013223
7,5.72576919206455,2.2904881823723766,1.1032201007671527,1.2288408174921395,1.6402243653280755,0.6502638148870004,7.561047292250907,2.4666619633354845,1.603051265552419,1.888282782246168,1.7999678542422965,0.6666941121441674,0.5988112927191679,0.8506222139673105,0.8511794205052006,0.825687221396731,0.6641901931649331,0.649331352154532,0.6397792248538517,0.6043877533703665,0.5933575026533829,0.6534504801831534,0.6419957440340477,0.5521879111013394,0.5835420047500224,0.47444806261539074,0.6239675333003536,0.6039415159676799,0.5460912451614086,0.5930859937495916,0.471248052228138,0.6230898040650249,0.6115324627766264,"[np.float64(0.8495575221238938), np.float64(0.5590062111801242), np.float64(0.248)]","[np.float64(0.943784639746635), np.float64(0.44122657580919933), np.float64(0.36561479869423286)]","[np.float64(0.943784639746635), np.float64(0.006818181818181818), np.float64(0.668918918918919), np.float64(0.27827050997782704)]","[np.float64(0.8672566371681416), np.float64(0.6366459627329193), np.float64(0.368)]","[np.float64(0.7699115044247787), np.float64(0.6739130434782609), np.float64(0.368)]","[np.float64(0.943784639746635), np.float64(0.005270092226613966), np.float64(0.5238709677419355), np.float64(0.09105431309904154), np.float64(0.0), np.float64(0.23754789272030652), np.float64(0.35144927536231885)]",0.3588812614616842,0.30756816869955017,0.30006152776438844
8,5.625020995736122,2.2392962433944987,1.0771363432766439,1.2314520589902072,1.5997910525249897,0.6395051907774293,7.330047622986292,2.3911812284226235,1.5758143907484738,1.7872376134204582,1.7518130130513132,0.6393682089598314,0.5438335809806835,0.8577730312035661,0.8627414561664191,0.8359491084695394,0.6508172362555721,0.6537890044576523,0.6129599567099567,0.6182200816612774,0.5152259332338011,0.6552480478551157,0.6541303490757691,0.5169764195020062,0.5793738149863711,0.49977890754243515,0.6216864361750857,0.6237568295498268,0.47556872433083885,0.5944396894717139,0.5032471217866107,0.6110212377633981,0.6132527475389637,"[np.float64(0.995575221238938), np.float64(0.36335403726708076), np.float64(0.192)]","[np.float64(0.959393733740527), np.float64(0.393526405451448), np.float64(0.3852013057671382)]","[np.float64(0.959393733740527), np.float64(0.0), np.float64(0.5796332046332047), np.float64(0.46008869179600886)]","[np.float64(0.9380530973451328), np.float64(0.5590062111801242), np.float64(0.368)]","[np.float64(0.9380530973451328), np.float64(0.5652173913043478), np.float64(0.368)]","[np.float64(0.959393733740527), np.float64(0.0), np.float64(0.45225806451612904), np.float64(0.16613418530351437), np.float64(0.0), np.float64(0.1724137931034483), np.float64(0.5217391304347826)]",0.32103485288864564,0.3245627010140573,0.3122862279361826
9,5.592651554735872,2.229262133997123,1.062070191027544,1.2392490343427507,1.5949051483813148,0.634356986220905,7.409608522579295,2.401205538288422,1.5821364491912662,1.8441300866158143,1.787678243852157,0.6135272978851987,0.6240713224368499,0.8511329866270431,0.8532689450222882,0.8261051263001485,0.6701337295690936,0.6582466567607727,0.6299350604877624,0.6036040265401665,0.6330638881630571,0.6579429931603844,0.6472462962544202,0.5840297550339875,0.5887982318658834,0.4975315845496455,0.6289877791824695,0.6147348247494456,0.5819590842271319,0.5954670925187365,0.49245896393916805,0.6273973757933751,0.6213692230489459,"[np.float64(0.8451327433628318), np.float64(0.5869565217391305), np.float64(0.32)]","[np.float64(0.9428797647324964), np.float64(0.4470187393526405), np.float64(0.3764961915125136)]","[np.float64(0.9428797647324964), np.float64(0.004545454545454545), np.float64(0.6491312741312741), np.float64(0.39356984478935697)]","[np.float64(0.8761061946902655), np.float64(0.6428571428571429), np.float64(0.368)]","[np.float64(0.7831858407079646), np.float64(0.6770186335403726), np.float64(0.384)]","[np.float64(0.9428797647324964), np.float64(0.003952569169960474), np.float64(0.5109677419354839), np.float64(0.15175718849840256), np.float64(0.0), np.float64(0.210727969348659), np.float64(0.4311594202898551)]",0.3721654033382307,0.32163495056783675,0.3102237585679126
10,5.512825574094461,2.183901476742184,1.0420507851693421,1.2448225291130148,1.5700375469727705,0.613863930986184,7.3992614151815985,2.3854671953693694,1.585916747325252,1.8419607039375192,1.7714369817020632,0.6140302149938193,0.6136701337295691,0.8466753343239227,0.8480683506686478,0.8215546062407132,0.674591381872214,0.6686478454680534,0.6332076904490699,0.5923119817362404,0.5892920491897653,0.6612490991808734,0.6555349716228948,0.5691932061782005,0.5893851741637913,0.47584689699011723,0.6369877791824695,0.6262510489382364,0.56262096013122,0.5898477816515871,0.46734192256835083,0.6357118663204245,0.6310939319294778,"[np.float64(0.8672566371681416), np.float64(0.5683229813664596), np.float64(0.272)]","[np.float64(0.937507069336048), np.float64(0.44327086882453154), np.float64(0.38737758433079433)]","[np.float64(0.937507069336048), np.float64(0.007954545454545454), np.float64(0.6973938223938224), np.float64(0.26053215077605324)]","[np.float64(0.8761061946902655), np.float64(0.6428571428571429), np.float64(0.392)]","[np.float64(0.8097345132743363), np.float64(0.6770186335403726), np.float64(0.392)]","[np.float64(0.937507069336048), np.float64(0.005270092226613966), np.float64(0.5348387096774193), np.float64(0.07987220447284345), np.float64(0.0), np.float64(0.2720306513409962), np.float64(0.32971014492753625)]",0.35093205582962467,0.3084612674259225,0.29596299705935464
11,5.465811616388586,2.1694650488279463,1.0295705160568074,1.2372055388566128,1.5541248542840702,0.6153401952805155,7.477483490454337,2.4144428462585994,1.5824053811036514,1.8982299060425347,1.7701449868233339,0.6442978574897132,0.6017830609212481,0.8444465081723626,0.8526653046062407,0.8215081723625557,0.6701337295690936,0.6686478454680534,0.6142933000144425,0.5928776663462868,0.5501131955988241,0.6521314379461403,0.6499986789532537,0.5995697979076201,0.6222314410167429,0.5327166567679864,0.6607951043441617,0.6603844702174829,0.5810379518797939,0.596375046007229,0.5141131049447624,0.6536350233662822,0.653668063042809,"[np.float64(0.911504424778761), np.float64(0.4472049689440994), np.float64(0.44)]","[np.float64(0.93784639746635), np.float64(0.3717206132879046), np.float64(0.5571273122959739)]","[np.float64(0.93784639746635), np.float64(0.011363636363636364), np.float64(0.6018339768339769), np.float64(0.5798226164079823)]","[np.float64(0.8185840707964602), np.float64(0.6118012422360248), np.float64(0.552)]","[np.float64(0.7920353982300885), np.float64(0.6211180124223602), np.float64(0.568)]","[np.float64(0.93784639746635), np.float64(0.00922266139657444), np.float64(0.4341935483870968), np.float64(0.12779552715654952), np.float64(0.0), np.float64(0.2739463601532567), np.float64(0.7463768115942029)]",0.3372236616323197,0.36134018659343287,0.3101552888781932
12,5.420820146946415,2.157320212051904,1.0150024715842585,1.2334949941726896,1.5432757859902277,0.6140444228704492,7.370014650531622,2.387020162375815,1.5760322742009376,1.830929953903402,1.7501484237014362,0.6368717477278292,0.6092124814264487,0.8578194650817236,0.8578194650817236,0.8329309063893017,0.674591381872214,0.6790490341753344,0.6412096977009519,0.6293755432302973,0.574999272562433,0.6738959297053019,0.6696097883597883,0.5882462485571374,0.5807981079939998,0.5098956950879276,0.61828959856355,0.6322483006284468,0.5731782029756302,0.600456739013674,0.5068288065453422,0.6163125507953094,0.6338706688901241,"[np.float64(0.9424778761061947), np.float64(0.4782608695652174), np.float64(0.344)]","[np.float64(0.947008256984504), np.float64(0.49505962521294716), np.float64(0.3003264417845484)]","[np.float64(0.947008256984504), np.float64(0.007954545454545454), np.float64(0.6356177606177607), np.float64(0.4490022172949002)]","[np.float64(0.8849557522123894), np.float64(0.6739130434782609), np.float64(0.296)]","[np.float64(0.8628318584070797), np.float64(0.6739130434782609), np.float64(0.36)]","[np.float64(0.947008256984504), np.float64(0.005270092226613966), np.float64(0.5638709677419355), np.float64(0.20766773162939298), np.float64(0.0), np.float64(0.1206896551724138), np.float64(0.4420289855072464)]",0.3485931576411194,0.3266479556088724,0.3178472645877594
13,5.417482057954632,2.1355475312162002,1.0118446495610232,1.258245231610023,1.5125394185563013,0.623008115664335,7.543251439442621,2.4243369222748528,1.5895558627493658,1.9398028072334539,1.7792045203443805,0.645132404660878,0.6136701337295691,0.8315843239227341,0.8353919019316494,0.8050241456166419,0.6612184249628529,0.6508172362555721,0.6230044540134042,0.579296468742864,0.5585576528735291,0.656274376539825,0.6489509392051765,0.6011279796258634,0.6298651591244814,0.5226930418599862,0.6384413785521904,0.6296209164697045,0.5969123612179598,0.5986765273275477,0.5047520895827127,0.6461814746543858,0.6372181886730225,"[np.float64(0.827433628318584), np.float64(0.5279503105590062), np.float64(0.448)]","[np.float64(0.9101911548467368), np.float64(0.45383304940374786), np.float64(0.5255712731229597)]","[np.float64(0.9101911548467368), np.float64(0.035227272727272725), np.float64(0.7118725868725869), np.float64(0.4334811529933481)]","[np.float64(0.672566371681416), np.float64(0.6987577639751553), np.float64(0.544)]","[np.float64(0.6238938053097345), np.float64(0.7049689440993789), np.float64(0.56)]","[np.float64(0.9101911548467368), np.float64(0.03293807641633729), np.float64(0.5335483870967742), np.float64(0.07827476038338659), np.float64(0.0), np.float64(0.32567049808429116), np.float64(0.6231884057971014)]",0.34873319422147564,0.3576873260892325,0.3114996327769478
14,5.345091252066826,2.1122104334618665,0.9963339690361067,1.2402128834635189,1.5204518652642094,0.5917585679977122,7.400251889441063,2.379927156587029,1.5706462368413319,1.8790322602325802,1.7539428815643583,0.6259842699377048,0.5943536404160475,0.8466753343239227,0.8533618127786032,0.8228547548291233,0.6894502228826151,0.6716196136701337,0.6091225523043705,0.5973323456019178,0.5724202697585197,0.6692900951565907,0.6513026971194302,0.5921951666391836,0.6247488902786557,0.5402192553791534,0.6772033199582257,0.6603836640466113,0.5761188076783438,0.6023952278716292,0.5193966886541386,0.6707250323734764,0.6547647786524484,"[np.float64(0.8893805309734514), np.float64(0.4472049689440994), np.float64(0.44)]","[np.float64(0.9367718583870603), np.float64(0.4010221465076661), np.float64(0.5364526659412405)]","[np.float64(0.9367718583870603), np.float64(0.022727272727272728), np.float64(0.6071428571428571), np.float64(0.5942350332594235)]","[np.float64(0.831858407079646), np.float64(0.639751552795031), np.float64(0.56)]","[np.float64(0.7876106194690266), np.float64(0.6335403726708074), np.float64(0.56)]","[np.float64(0.9367718583870603), np.float64(0.017127799736495388), np.float64(0.4612903225806452), np.float64(0.1501597444089457), np.float64(0.0), np.float64(0.2509578544061303), np.float64(0.7391304347826086)]",0.3474427242583577,0.36506257347169796,0.31543008160426983
15,5.34242616126598,2.1166567556181195,0.9877111123595913,1.2503471786924507,1.5067467428112433,0.6099100105232943,7.191225752278676,2.3362536780558285,1.558865878277787,1.7372403059939603,1.7460247044747237,0.5902289768089527,0.5705794947994056,0.8589803120356612,0.8581909361069836,0.8340453194650818,0.6612184249628529,0.6567607726597325,0.6121330096216197,0.6255001232958551,0.6171950336201879,0.671413390838895,0.6569811939645747,0.5587628208651679,0.5767268284159752,0.490334698246863,0.6219672035031789,0.6216848238333424,0.529082526582252,0.5974204999575474,0.49055686245156926,0.6146312364511891,0.6131664413172263,"[np.float64(0.9823008849557522), np.float64(0.38198757763975155), np.float64(0.312)]","[np.float64(0.9523243976925687), np.float64(0.468824531516184), np.float64(0.30903155603917304)]","[np.float64(0.9523243976925687), np.float64(0.003409090909090909), np.float64(0.6264478764478765), np.float64(0.37915742793791574)]","[np.float64(0.9336283185840708), np.float64(0.5962732919254659), np.float64(0.336)]","[np.float64(0.9292035398230089), np.float64(0.5838509316770186), np.float64(0.352)]","[np.float64(0.9523243976925687), np.float64(0.0013175230566534915), np.float64(0.5335483870967742), np.float64(0.17412140575079874), np.float64(0.0), np.float64(0.1532567049808429), np.float64(0.38405797101449274)]",0.3460467595556538,0.3140894842274472,0.3113310008130244
16,5.247817861032014,2.0869189758579862,0.9687792736389753,1.223340343215666,1.4975730169743384,0.5893459551162639,7.371529432008104,2.379288667033617,1.570397828736008,1.8514451000739984,1.7633650253363815,0.615923636833355,0.5557206537890045,0.8530832095096582,0.8541976225854383,0.8278696136701337,0.6849925705794948,0.6820208023774146,0.6072455488016184,0.6150151945548614,0.5742432940034454,0.6725182272256064,0.6679688369133281,0.5426369849209404,0.6029248789856211,0.5255969925716754,0.6417806115905385,0.6409019586287766,0.5125167848962661,0.6087621923222829,0.5218012043394172,0.6478421338197304,0.6464694396348994,"[np.float64(0.9734513274336283), np.float64(0.36645962732919257), np.float64(0.288)]","[np.float64(0.9381857255966519), np.float64(0.48756388415672913), np.float64(0.383025027203482)]","[np.float64(0.9381857255966519), np.float64(0.04090909090909091), np.float64(0.6476833976833977), np.float64(0.47560975609756095)]","[np.float64(0.8185840707964602), np.float64(0.6987577639751553), np.float64(0.408)]","[np.float64(0.8141592920353983), np.float64(0.6925465838509317), np.float64(0.416)]","[np.float64(0.9381857255966519), np.float64(0.03162055335968379), np.float64(0.5445161290322581), np.float64(0.21405750798722045), np.float64(0.008264462809917356), np.float64(0.1839080459770115), np.float64(0.5108695652173914)]",0.38205442469373085,0.34734599856859066,0.3342924644940076
17,5.254674043537954,2.101479666460158,0.9590907196677422,1.2350129390577391,1.4995332580785883,0.601946409665427,7.241317143426097,2.3480371013946986,1.5567925262875657,1.7796949770754806,1.7385478847458384,0.6094892193903202,0.5423476968796433,0.8586552748885586,0.8621378157503715,0.8361812778603269,0.6805349182763745,0.6731054977711739,0.5943104605813608,0.6186214079258515,0.6296155210956556,0.672009169448131,0.6611764454993168,0.5468117041352901,0.5953975337580494,0.5109494123099577,0.6622802909543964,0.6574165887978892,0.5102621167161226,0.6030403458944503,0.5082772717071604,0.6526301601273379,0.6468010872513777,"[np.float64(0.9778761061946902), np.float64(0.3105590062111801), np.float64(0.352)]","[np.float64(0.954982468046601), np.float64(0.41771720613287905), np.float64(0.4134929270946681)]","[np.float64(0.954982468046601), np.float64(0.007954545454545454), np.float64(0.5974903474903475), np.float64(0.48337028824833705)]","[np.float64(0.9247787610619469), np.float64(0.5900621118012422), np.float64(0.472)]","[np.float64(0.911504424778761), np.float64(0.5807453416149069), np.float64(0.48)]","[np.float64(0.954982468046601), np.float64(0.0), np.float64(0.46838709677419355), np.float64(0.22843450479233227), np.float64(0.01652892561983471), np.float64(0.23180076628352492), np.float64(0.47101449275362317)]",0.35380758838142584,0.33873546489573,0.32827308731363714
18,5.258214451751466,2.080741848833438,0.9601067871810331,1.257259033357272,1.4712113430513079,0.6095305058663174,7.328538088133498,2.351052366307652,1.5608871722433617,1.8557113861825416,1.7474022566034109,0.6036501183265748,0.6166419019316494,0.8531296433878157,0.8541047548291233,0.8278231797919762,0.6998514115898959,0.6805349182763745,0.6231149783478782,0.6172049721250908,0.5836692517771714,0.6813545150501673,0.6610659797899742,0.6028287070118544,0.6236534702838493,0.5420932274044058,0.6799950163982484,0.6628921746459261,0.5918952310353348,0.6192779924005117,0.5210923940298224,0.6780242997942659,0.6613627549407558,"[np.float64(0.8893805309734514), np.float64(0.5031055900621118), np.float64(0.416)]","[np.float64(0.9368849677638276), np.float64(0.4705281090289608), np.float64(0.46354733405875953)]","[np.float64(0.9368849677638276), np.float64(0.022727272727272728), np.float64(0.6134169884169884), np.float64(0.5953436807095344)]","[np.float64(0.8362831858407079), np.float64(0.6677018633540373), np.float64(0.536)]","[np.float64(0.7831858407079646), np.float64(0.6614906832298136), np.float64(0.544)]","[np.float64(0.9368849677638276), np.float64(0.017127799736495388), np.float64(0.5245161290322581), np.float64(0.23162939297124602), np.float64(0.01652892561983471), np.float64(0.18199233716475097), np.float64(0.7028985507246377)]",0.3904901699837171,0.37308258614472145,0.3361192386044668
19,5.151319420165093,2.0406126720793965,0.9357369568193658,1.2392328303770326,1.442131541992964,0.5984811304600142,7.372605182296798,2.397945203130252,1.5598358534917633,1.8549882728904927,1.7751529220303726,0.6227922881525065,0.6300148588410104,0.861534175334324,0.8575872956909361,0.8339524517087668,0.6939078751857355,0.674591381872214,0.6396759805850715,0.645330071924726,0.6316874008418516,0.694342818209412,0.6787385975640828,0.5614297806848788,0.5776082235259951,0.5054406803840137,0.6283567672548049,0.6051550962824529,0.5641106053439492,0.5965859870865685,0.5023763319497936,0.6306031407962197,0.6206224883173683,"[np.float64(0.7566371681415929), np.float64(0.6956521739130435), np.float64(0.232)]","[np.float64(0.9445198506956227), np.float64(0.5597955706984667), np.float64(0.22850924918389554)]","[np.float64(0.9445198506956227), np.float64(0.019318181818181818), np.float64(0.680984555984556), np.float64(0.376940133037694)]","[np.float64(0.8672566371681416), np.float64(0.7298136645962733), np.float64(0.288)]","[np.float64(0.7035398230088495), np.float64(0.7919254658385093), np.float64(0.32)]","[np.float64(0.9445198506956227), np.float64(0.011857707509881422), np.float64(0.6419354838709678), np.float64(0.1757188498402556), np.float64(0.008264462809917356), np.float64(0.09386973180076628), np.float64(0.3442028985507246)]",0.400902708270566,0.31719556929687653,0.3124279526435046
20,5.185614820233004,2.041658243088125,0.9291150616771294,1.2857264545219977,1.4504117022773597,0.5912465416184379,7.342849810682348,2.3802133137111494,1.5557014171023043,1.8512336709025352,1.7532196582601756,0.6269936566227268,0.6092124814264487,0.8658525260029718,0.8666883358098069,0.8425427191679049,0.6716196136701337,0.6790490341753344,0.6257367613417221,0.6433925357603014,0.6047248902750939,0.6564992619006123,0.6620529350944097,0.5909420106634419,0.5931702666711112,0.5149020557068323,0.6424501731435167,0.6537696916396416,0.5770767475836601,0.6148163033835305,0.5288398896211031,0.6363940651068297,0.6520702294444692,"[np.float64(0.9203539823008849), np.float64(0.484472049689441), np.float64(0.368)]","[np.float64(0.9601289446895147), np.float64(0.454855195911414), np.float64(0.3645266594124048)]","[np.float64(0.9601289446895147), np.float64(0.05), np.float64(0.596042471042471), np.float64(0.4534368070953437)]","[np.float64(0.9026548672566371), np.float64(0.6086956521739131), np.float64(0.416)]","[np.float64(0.8495575221238938), np.float64(0.639751552795031), np.float64(0.472)]","[np.float64(0.9601289446895147), np.float64(0.03293807641633729), np.float64(0.5135483870967742), np.float64(0.1869009584664537), np.float64(0.01652892561983471), np.float64(0.1781609195402299), np.float64(0.4891304347826087)]",0.3864917002450288,0.3396195209445362,0.3379945264645595
21,5.0500349019796165,1.9847221448912291,0.8974484386340857,1.2704158789046782,1.3926186854030285,0.5921034587068368,7.353537030319078,2.3548449221279926,1.5619466446273758,1.8747987888687088,1.7701422672950904,0.5847026585913554,0.62555720653789,0.8506222139673105,0.8488577265973254,0.8224368499257058,0.6864784546805349,0.6775631500742942,0.6406825888250037,0.6111590745462715,0.5851264698257204,0.6643021375207047,0.6588919964968784,0.5831212004617161,0.605821945310509,0.5199304200419431,0.6576838710859488,0.6469479470125873,0.5800884642701508,0.6080562525337382,0.5119957492914435,0.6598298609626109,0.6522801613694598,"[np.float64(0.8584070796460177), np.float64(0.5869565217391305), np.float64(0.304)]","[np.float64(0.9295894129623345), np.float64(0.5287904599659284), np.float64(0.3590859630032644)]","[np.float64(0.9295894129623345), np.float64(0.04090909090909091), np.float64(0.6901544401544402), np.float64(0.4190687361419069)]","[np.float64(0.7876106194690266), np.float64(0.6894409937888198), np.float64(0.496)]","[np.float64(0.7256637168141593), np.float64(0.7111801242236024), np.float64(0.504)]","[np.float64(0.9295894129623345), np.float64(0.015810276679841896), np.float64(0.5987096774193549), np.float64(0.1757188498402556), np.float64(0.049586776859504134), np.float64(0.20881226053639848), np.float64(0.39855072463768115)]",0.3656211142828896,0.3395397112764815,0.32868462164999457
22,5.034925910475859,1.992480262933762,0.9001953195712113,1.2420550149978575,1.3963754971703715,0.5961047650083352,7.2316477263362895,2.3927001029872046,1.5426875614624702,1.753572486274674,1.7198321171967141,0.6728679896815948,0.5586924219910847,0.8661311292719168,0.8652488855869243,0.8417069093610698,0.6849925705794948,0.6849925705794948,0.5984069167733853,0.6451301050498726,0.6797469890034012,0.6798302360228966,0.678469886143696,0.5656042067461845,0.6178329637087837,0.49551397392737695,0.6842115099213983,0.6914894006852452,0.5287035203595839,0.6245162258760321,0.5003551955016552,0.6671032071268844,0.6709199957822568,"[np.float64(0.9867256637168141), np.float64(0.32608695652173914), np.float64(0.384)]","[np.float64(0.9614297025223391), np.float64(0.4132879045996593), np.float64(0.47878128400435255)]","[np.float64(0.9614297025223391), np.float64(0.015909090909090907), np.float64(0.61003861003861), np.float64(0.3946784922394678)]","[np.float64(0.9336283185840708), np.float64(0.5590062111801242), np.float64(0.56)]","[np.float64(0.9247787610619469), np.float64(0.5496894409937888), np.float64(0.6)]","[np.float64(0.9614297025223391), np.float64(0.007905138339920948), np.float64(0.4858064516129032), np.float64(0.1182108626198083), np.float64(0.01652892561983471), np.float64(0.2835249042145594), np.float64(0.5217391304347826)]",0.44152715244376045,0.34216358790916407,0.32574860235738007
23,4.999790516687231,1.9707624534076595,0.8794447712174033,1.270138520389627,1.376397246971074,0.5943652078730323,7.440525211990764,2.353825462678066,1.5732373253881755,1.9402250833256662,1.7403515106846388,0.6134739480802143,0.5616641901931649,0.8263372956909361,0.8292626300148589,0.799498514115899,0.6537890044576523,0.6448736998514116,0.5875044273795389,0.5748024167702669,0.5447947072117064,0.6433745672277783,0.6360530089502052,0.563844482310046,0.6545808131208135,0.5437653768967858,0.6780097106945894,0.6704793418714158,0.5309928774519125,0.5983475150502521,0.5211088640021776,0.6512012012012013,0.6429272497743835,"[np.float64(0.9646017699115044), np.float64(0.35093167701863354), np.float64(0.376)]","[np.float64(0.8996719828073747), np.float64(0.4514480408858603), np.float64(0.6126224156692056)]","[np.float64(0.8996719828073747), np.float64(0.08181818181818182), np.float64(0.6858108108108109), np.float64(0.5077605321507761)]","[np.float64(0.7123893805309734), np.float64(0.577639751552795), np.float64(0.744)]","[np.float64(0.6991150442477876), np.float64(0.5683229813664596), np.float64(0.744)]","[np.float64(0.8996719828073747), np.float64(0.05928853754940711), np.float64(0.4870967741935484), np.float64(0.1645367412140575), np.float64(0.04132231404958678), np.float64(0.4272030651340996), np.float64(0.6485507246376812)]",0.35880257111519126,0.38966716279796504,0.33938184928453463
24,4.948498668601621,1.945688360491715,0.8667022860214367,1.26940574070786,1.3550023654802035,0.5906859972056443,7.247954217191974,2.3678655574866503,1.5431955256872432,1.7936976100995208,1.729743718039742,0.6381218376782245,0.5780089153046062,0.8630664933135216,0.8641809063893017,0.8400817236255572,0.6983655274888558,0.6953937592867756,0.6242223476500205,0.63543722813219,0.6431411298509735,0.6866487253733039,0.6822760255289849,0.5611155939097455,0.6134676508767233,0.5273623099991068,0.6938405613880797,0.6945933784056139,0.5328648497981673,0.6214445288283849,0.527419346843906,0.6798481735681124,0.6782085526650478,"[np.float64(0.9867256637168141), np.float64(0.40062111801242234), np.float64(0.296)]","[np.float64(0.9539079289673114), np.float64(0.44906303236797274), np.float64(0.43743199129488575)]","[np.float64(0.9539079289673114), np.float64(0.03409090909090909), np.float64(0.6003861003861004), np.float64(0.5210643015521065)]","[np.float64(0.9203539823008849), np.float64(0.593167701863354), np.float64(0.568)]","[np.float64(0.915929203539823), np.float64(0.5838509316770186), np.float64(0.584)]","[np.float64(0.9539079289673114), np.float64(0.017127799736495388), np.float64(0.5058064516129033), np.float64(0.2220447284345048), np.float64(0.049586776859504134), np.float64(0.2509578544061303), np.float64(0.5507246376811594)]",0.4292210502109538,0.3643080253854298,0.3517887174641321
25,4.869272779610197,1.9267180314758465,0.8446593501968152,1.2532360506438687,1.3282448523585806,0.5984731799907098,7.325351846677967,2.3713314232557394,1.5515763957705626,1.8508676237451571,1.7276801642041533,0.6436512604223161,0.6196136701337296,0.8538725854383358,0.8523867013372957,0.8281017830609212,0.6820208023774146,0.6820208023774146,0.632436635238313,0.617414006165939,0.569961955142564,0.6624292772618131,0.6613410343922289,0.5943008849557522,0.6229998838169393,0.5193726749522691,0.6707081478224226,0.6729641803624106,0.5785983714209008,0.6192387209095743,0.5193406726720403,0.6640636143203537,0.6659401972170983,"[np.float64(0.9469026548672567), np.float64(0.5), np.float64(0.336)]","[np.float64(0.935980092749689), np.float64(0.4868824531516184), np.float64(0.44613710554951036)]","[np.float64(0.935980092749689), np.float64(0.060227272727272727), np.float64(0.6655405405405406), np.float64(0.4157427937915743)]","[np.float64(0.8185840707964602), np.float64(0.6335403726708074), np.float64(0.56)]","[np.float64(0.7920353982300885), np.float64(0.6428571428571429), np.float64(0.584)]","[np.float64(0.935980092749689), np.float64(0.03820816864295125), np.float64(0.5567741935483871), np.float64(0.15335463258785942), np.float64(0.03305785123966942), np.float64(0.2796934865900383), np.float64(0.5289855072463768)]",0.3777735551282437,0.36086484751499587,0.34455998577583535
26,4.863582320490294,1.9171349569144895,0.8351490475805634,1.276149256200935,1.317234854240202,0.599900101708764,7.316741731117316,2.326920632085036,1.5522953770634682,1.8852303473815013,1.7257787930151829,0.6011418397110011,0.6166419019316494,0.8522009658246656,0.8522473997028231,0.8267552005943536,0.687964338781575,0.6805349182763745,0.620217545569577,0.6147002020767648,0.5651995161362109,0.6688666972757882,0.6602838123185307,0.6149436230051851,0.6264412319171196,0.5397516358300423,0.6769201341175176,0.6812780739844996,0.5938418443482051,0.6183682049982281,0.540914487082425,0.670609760630895,0.6683118162287656,"[np.float64(0.9292035398230089), np.float64(0.45962732919254656), np.float64(0.456)]","[np.float64(0.9349055536703993), np.float64(0.47325383304940377), np.float64(0.47116430903155604)]","[np.float64(0.9349055536703993), np.float64(0.10113636363636364), np.float64(0.6163127413127413), np.float64(0.5066518847006651)]","[np.float64(0.8230088495575221), np.float64(0.639751552795031), np.float64(0.568)]","[np.float64(0.7876106194690266), np.float64(0.6242236024844721), np.float64(0.632)]","[np.float64(0.9349055536703993), np.float64(0.07509881422924901), np.float64(0.5264516129032258), np.float64(0.1597444089456869), np.float64(0.049586776859504134), np.float64(0.23180076628352492), np.float64(0.6304347826086957)]",0.38507306229584787,0.372574673642898,0.34915652532777275
27,4.748898531610178,1.8766373885100929,0.8197647840110848,1.2327315781652233,1.2956630372321285,0.5809743511358981,7.364673757411606,2.3524940410070676,1.5537923026155647,1.9045951239079326,1.7615418550876198,0.5909521840181124,0.6062407132243685,0.8469539375928677,0.8449108469539376,0.819697251114413,0.6805349182763745,0.6597325408618128,0.618235264617723,0.6045226901385287,0.5528540400130278,0.6606345629832723,0.6441661054337111,0.5834674142069294,0.631172218428863,0.5358661305153759,0.6749370270616905,0.6554797999230474,0.5783495508918898,0.616170363077566,0.5268665494316769,0.6666713164453372,0.6481984298645336,"[np.float64(0.8495575221238938), np.float64(0.5248447204968945), np.float64(0.376)]","[np.float64(0.9226331862911435), np.float64(0.5127768313458262), np.float64(0.4581066376496192)]","[np.float64(0.9226331862911435), np.float64(0.08295454545454546), np.float64(0.668918918918919), np.float64(0.46895787139689576)]","[np.float64(0.7566371681415929), np.float64(0.6521739130434783), np.float64(0.616)]","[np.float64(0.6902654867256637), np.float64(0.6521739130434783), np.float64(0.624)]","[np.float64(0.9226331862911435), np.float64(0.05006587615283267), np.float64(0.5625806451612904), np.float64(0.1900958466453674), np.float64(0.05785123966942149), np.float64(0.29310344827586204), np.float64(0.5434782608695652)]",0.3653774074518754,0.37425835758078324,0.3506062437780554
28,4.697617082861857,1.841561756683461,0.7947031880319803,1.2666489530320537,1.2581077061598793,0.5834540514312263,7.289800860407798,2.33764929941217,1.5391422421712904,1.8738670738231535,1.7394521940355838,0.598197106504122,0.6315007429420505,0.8484398216939079,0.8502507429420505,0.8231333580980683,0.6894502228826151,0.6835066864784547,0.6220830093494404,0.607548546967729,0.5644938893797747,0.6736273543502459,0.6673122107197117,0.6149395921508272,0.6494638429916658,0.5551016619793414,0.7103998973964346,0.705124754942377,0.601435039457888,0.6157783079173968,0.531212386927644,0.6799690673261445,0.6760972259957404,"[np.float64(0.9070796460176991), np.float64(0.5217391304347826), np.float64(0.416)]","[np.float64(0.9312860536138445), np.float64(0.4316865417376491), np.float64(0.5854189336235038)]","[np.float64(0.9312860536138445), np.float64(0.06704545454545455), np.float64(0.5834942084942085), np.float64(0.6385809312638581)]","[np.float64(0.8539823008849557), np.float64(0.5652173913043478), np.float64(0.712)]","[np.float64(0.8097345132743363), np.float64(0.577639751552795), np.float64(0.728)]","[np.float64(0.9312860536138445), np.float64(0.022397891963109356), np.float64(0.432258064516129), np.float64(0.2971246006389776), np.float64(0.0743801652892562), np.float64(0.36590038314176243), np.float64(0.677536231884058)]",0.36030612706828036,0.40012619872101957,0.3547961982261468
29,4.707941900199479,1.8408267462552437,0.7935582927315059,1.2799985704727808,1.2556566190353389,0.585170128572164,7.575285770065353,2.3808866144995307,1.5696039019423351,2.0551913308106826,1.7630420481062077,0.6178445682946582,0.6210995542347697,0.7915583209509658,0.7875650074294205,0.7602618870728083,0.6300148588410104,0.5973254086181278,0.6110037203685308,0.5522333763847757,0.5048496677655785,0.6431217150139378,0.6260908171955518,0.6042200846479415,0.6452580166530169,0.5672511862894083,0.6280397955257516,0.6080186152183075,0.6061785462451389,0.5836091342679618,0.522167318398187,0.6202429450418895,0.588853188674169,"[np.float64(0.7079646017699115), np.float64(0.6086956521739131), np.float64(0.496)]","[np.float64(0.8409116615767447), np.float64(0.5812606473594548), np.float64(0.5136017410228509)]","[np.float64(0.8409116615767447), np.float64(0.2159090909090909), np.float64(0.6911196911196911), np.float64(0.5210643015521065)]","[np.float64(0.4911504424778761), np.float64(0.7049689440993789), np.float64(0.688)]","[np.float64(0.42035398230088494), np.float64(0.6677018633540373), np.float64(0.736)]","[np.float64(0.8409116615767447), np.float64(0.16996047430830039), np.float64(0.5670967741935484), np.float64(0.24281150159744408), np.float64(0.09090909090909091), np.float64(0.34674329501915707), np.float64(0.5507246376811594)]",0.3427982325626032,0.40130820504077785,0.3541375204858414
30,4.6404786613733,1.818236660417485,0.77407542561736,1.2740911421705416,1.2090450239625607,0.6091916349711223,7.455618109830409,2.3433906006176324,1.555868757938419,2.0004899788327317,1.7243586598234997,0.6190319328350554,0.6285289747399703,0.8205794947994056,0.8198829866270431,0.7922548291233283,0.6552748885586924,0.6389301634472511,0.6268745023748731,0.5765681783253916,0.5412383950561457,0.6556545126995,0.6410604868512028,0.6171390461532824,0.6571303044027358,0.5699528486935792,0.6556244709503655,0.6457413290826142,0.5991796603508567,0.6066982881573507,0.5460892969458437,0.649697166342202,0.6346926609340323,"[np.float64(0.9336283185840708), np.float64(0.4937888198757764), np.float64(0.424)]","[np.float64(0.8818572559665196), np.float64(0.5345826235093697), np.float64(0.5549510337323177)]","[np.float64(0.8818572559665196), np.float64(0.22727272727272727), np.float64(0.6906370656370656), np.float64(0.48004434589800443)]","[np.float64(0.5752212389380531), np.float64(0.6956521739130435), np.float64(0.696)]","[np.float64(0.5575221238938053), np.float64(0.6677018633540373), np.float64(0.712)]","[np.float64(0.8818572559665196), np.float64(0.1963109354413702), np.float64(0.532258064516129), np.float64(0.19329073482428116), np.float64(0.05785123966942149), np.float64(0.40804597701149425), np.float64(0.5579710144927537)]",0.36936384140455925,0.4039407459888528,0.36556044821317896
31,4.563831429134023,1.788267285348637,0.7599385828700569,1.2556869736359597,1.2045215063525816,0.5837457777635,7.435957645450219,2.3459917681860993,1.5589413497851228,1.9720831992718162,1.7579997243796328,0.5879920488361612,0.6315007429420505,0.8183506686478454,0.8155182020802377,0.7892830609212481,0.6701337295690936,0.6478454680534919,0.62011061694606,0.5738930872756366,0.534324176387497,0.6642550450837269,0.6477327944164679,0.6170681764048443,0.6495129581458531,0.5447494966812358,0.6620315505963833,0.6485047362538706,0.606922215266934,0.6027586383294808,0.5240756739128536,0.6613688824921953,0.6422165454828962,"[np.float64(0.8628318584070797), np.float64(0.5403726708074534), np.float64(0.448)]","[np.float64(0.8798778418730913), np.float64(0.5376490630323679), np.float64(0.5310119695321001)]","[np.float64(0.8798778418730913), np.float64(0.16590909090909092), np.float64(0.7152509652509652), np.float64(0.417960088691796)]","[np.float64(0.6504424778761062), np.float64(0.6956521739130435), np.float64(0.64)]","[np.float64(0.588495575221239), np.float64(0.6770186335403726), np.float64(0.68)]","[np.float64(0.8798778418730913), np.float64(0.13438735177865613), np.float64(0.5787096774193549), np.float64(0.13738019169329074), np.float64(0.06611570247933884), np.float64(0.3716475095785441), np.float64(0.5543478260869565)]",0.37457126637734184,0.3889237287013189,0.35198148047354294
32,4.518386174619493,1.7706457023083964,0.7352317961858253,1.2772768896038902,1.1752524246562976,0.59539327587101,7.392344159259287,2.3235194679537585,1.5549145905129633,1.9589954936539737,1.7199289830572881,0.6035904844100822,0.5898959881129272,0.830469910846954,0.8287518573551264,0.8020523774145617,0.6537890044576523,0.6344725111441307,0.5935924828834006,0.5694181199108803,0.5448466365274468,0.6361667568498688,0.6246690612763514,0.6010196595760274,0.6148191008443682,0.5408318916581764,0.6535376610051485,0.6562673555763205,0.5646767840514657,0.588051135940729,0.532563098957617,0.6423117902891514,0.6307315743075671,"[np.float64(0.9601769911504425), np.float64(0.37888198757763975), np.float64(0.464)]","[np.float64(0.901481732835652), np.float64(0.534923339011925), np.float64(0.40805223068552776)]","[np.float64(0.901481732835652), np.float64(0.19772727272727272), np.float64(0.6616795366795367), np.float64(0.4024390243902439)]","[np.float64(0.7123893805309734), np.float64(0.6242236024844721), np.float64(0.624)]","[np.float64(0.6946902654867256), np.float64(0.562111801242236), np.float64(0.712)]","[np.float64(0.901481732835652), np.float64(0.12384716732542819), np.float64(0.5316129032258065), np.float64(0.2380191693290735), np.float64(0.1322314049586777), np.float64(0.34674329501915707), np.float64(0.25)]",0.3490482343907208,0.3605622389562564,0.34628177735700444
33,4.4345857565433295,1.7434420407572788,0.720369047921685,1.2504056163571544,1.1558076645754736,0.5876343722249997,7.353784556912386,2.3146336839177843,1.554574138332899,1.9300026023423282,1.729193907816969,0.5854397723865792,0.6166419019316494,0.8204401931649331,0.8222975482912332,0.793787147102526,0.6419019316493314,0.6225854383358098,0.6062515331056475,0.5676715255248518,0.5171505390121015,0.6344607728321234,0.6243281926495273,0.6183913959581524,0.6504139902861811,0.546404577902065,0.6733734220121294,0.6635484710236538,0.5965234959615119,0.5920914179190235,0.5217290142989413,0.6354265491224329,0.6214609998906029,"[np.float64(0.8982300884955752), np.float64(0.468944099378882), np.float64(0.488)]","[np.float64(0.8910191154846737), np.float64(0.46609880749574106), np.float64(0.5941240478781284)]","[np.float64(0.8910191154846737), np.float64(0.11704545454545455), np.float64(0.6742277992277992), np.float64(0.5033259423503326)]","[np.float64(0.7654867256637168), np.float64(0.5186335403726708), np.float64(0.736)]","[np.float64(0.7035398230088495), np.float64(0.5031055900621118), np.float64(0.784)]","[np.float64(0.8910191154846737), np.float64(0.0461133069828722), np.float64(0.5283870967741936), np.float64(0.15814696485623003), np.float64(0.1322314049586777), np.float64(0.37547892720306514), np.float64(0.6340579710144928)]",0.34311552758361286,0.39506211246774353,0.33725439379234423
34,4.391917717268186,1.7178637075318828,0.7024266435291177,1.2692007236626646,1.1249332760278488,0.5929304331430566,7.495519837569058,2.392532081207819,1.5505287243987402,2.001930311101127,1.787298705882064,0.6052333718768214,0.5898959881129272,0.8328844725111442,0.8324665676077266,0.8054420505200595,0.6329866270430906,0.5646359583952452,0.5629168899138848,0.5805907880845238,0.5383252805729847,0.6240783887780759,0.5851161675025311,0.5531018157166675,0.6392019881220516,0.5677904149675773,0.6593745579801755,0.5949757232635263,0.5569392268228862,0.5995598961916087,0.5515206120323134,0.6274975783015823,0.5597073876070725,"[np.float64(0.5929203539823009), np.float64(0.6583850931677019), np.float64(0.408)]","[np.float64(0.9065151001017985), np.float64(0.4855195911413969), np.float64(0.5255712731229597)]","[np.float64(0.9065151001017985), np.float64(0.22727272727272727), np.float64(0.5752895752895753), np.float64(0.5620842572062085)]","[np.float64(0.7035398230088495), np.float64(0.546583850931677), np.float64(0.728)]","[np.float64(0.4690265486725664), np.float64(0.5559006211180124), np.float64(0.76)]","[np.float64(0.9065151001017985), np.float64(0.13043478260869565), np.float64(0.4529032258064516), np.float64(0.25559105431309903), np.float64(0.15702479338842976), np.float64(0.3371647509578544), np.float64(0.5833333333333334)]",0.3515938978476784,0.40328100578709464,0.3653707829117128
35,4.333142528581396,1.6838122277019418,0.7005992636594613,1.2481317744678475,1.10388994881144,0.579922278816838,7.515723518518737,2.3677901100334147,1.5577680279310095,2.032397347670988,1.7662627067339527,0.6015274049354944,0.62555720653789,0.8164933135215453,0.8153789004457652,0.788075780089153,0.6166419019316494,0.5839524517087668,0.5955130519389075,0.5579875418254502,0.541647921757913,0.6083500588739028,0.5990538817218923,0.6146162443430624,0.6147786344015164,0.5736060692966796,0.6160973268106781,0.6104470950365525,0.6003992015968064,0.5806450194817551,0.5499117468237772,0.6047169409384369,0.5801969939477002,"[np.float64(0.8141592920353983), np.float64(0.5496894409937888), np.float64(0.48)]","[np.float64(0.8804999434453116), np.float64(0.5601362862010222), np.float64(0.40369967355821545)]","[np.float64(0.8804999434453116), np.float64(0.2988636363636364), np.float64(0.6172779922779923), np.float64(0.4977827050997783)]","[np.float64(0.5796460176991151), np.float64(0.6366459627329193), np.float64(0.632)]","[np.float64(0.5221238938053098), np.float64(0.5652173913043478), np.float64(0.744)]","[np.float64(0.8804999434453116), np.float64(0.1963109354413702), np.float64(0.5135483870967742), np.float64(0.3003194888178914), np.float64(0.19008264462809918), np.float64(0.2988505747126437), np.float64(0.32971014492753625)]",0.35452177419888686,0.3870460170099466,0.36320228180670117
36,4.261038291644263,1.6598373145189946,0.6693856521055107,1.2624296784212834,1.0791192336848512,0.5807180834018578,7.62766423352748,2.4530437321620453,1.5564821721538238,2.061656141139633,1.790533591802467,0.6625101467268403,0.5453194650817236,0.8070208023774146,0.806138558692422,0.7789747399702823,0.6478454680534919,0.537890044576523,0.5533242477686923,0.5574479695534819,0.5363806231047643,0.6350938967136149,0.5763929361159147,0.5856158595796918,0.63708240947412,0.5603069925288365,0.6552281280345921,0.5862584510526027,0.5435230330652132,0.5864793299360884,0.5358301305331316,0.6416811388827744,0.5404711741479179,"[np.float64(0.6415929203539823), np.float64(0.4192546583850932), np.float64(0.696)]","[np.float64(0.8694152245221128), np.float64(0.5206132879045997), np.float64(0.5212187159956474)]","[np.float64(0.8694152245221128), np.float64(0.3), np.float64(0.6472007722007722), np.float64(0.4246119733924612)]","[np.float64(0.672566371681416), np.float64(0.6211180124223602), np.float64(0.672)]","[np.float64(0.48672566371681414), np.float64(0.4720496894409938), np.float64(0.8)]","[np.float64(0.8694152245221128), np.float64(0.2490118577075099), np.float64(0.5), np.float64(0.15335463258785942), np.float64(0.10743801652892562), np.float64(0.3505747126436782), np.float64(0.532608695652174)]",0.3577922278397316,0.39462901994889427,0.355970298774234
37,4.202269196284719,1.636413902710067,0.6522579065291869,1.261339475967695,1.0230720827520738,0.6133418195949352,7.465804364631721,2.351929561320681,1.555279957434544,2.0033148905643725,1.719107889280121,0.6328216666018573,0.6062407132243685,0.8023774145616642,0.8017737741456167,0.7726597325408618,0.6300148588410104,0.6225854383358098,0.6027384274874454,0.5508123436771136,0.5177497014469394,0.6242627353821557,0.6227079987502898,0.592319390241668,0.6397725117628327,0.5485172464805018,0.6411042342292823,0.6390637424650507,0.5771831175152978,0.5813151205259323,0.5192622754205428,0.6264737994859289,0.6199893636065475,"[np.float64(0.8893805309734514), np.float64(0.48757763975155277), np.float64(0.4)]","[np.float64(0.8625155525393056), np.float64(0.524701873935264), np.float64(0.5321001088139282)]","[np.float64(0.8625155525393056), np.float64(0.2), np.float64(0.7002895752895753), np.float64(0.4312638580931264)]","[np.float64(0.6061946902654868), np.float64(0.6211180124223602), np.float64(0.696)]","[np.float64(0.588495575221239), np.float64(0.6086956521739131), np.float64(0.72)]","[np.float64(0.8625155525393056), np.float64(0.16073781291172595), np.float64(0.5032258064516129), np.float64(0.2108626198083067), np.float64(0.05785123966942149), np.float64(0.4482758620689655), np.float64(0.41304347826086957)]",0.34000589504953455,0.3795017673871726,0.3456580889772879
38,4.1210049967272315,1.6035423446563402,0.6451360486338631,1.2271905610807132,1.0103125877290013,0.5932297576218843,7.480822144347058,2.356329612632887,1.5530809125136198,2.018330706686931,1.7452655160462467,0.6110640955254303,0.5943536404160475,0.8166790490341753,0.8155646359583952,0.7870542347696879,0.6270430906389302,0.6151560178306092,0.5788424304277259,0.5603702606302008,0.5320067850037619,0.6185733320102131,0.6178343294132768,0.5427412741164185,0.6226227776514451,0.5495631227425445,0.6209602227963136,0.6158715256783744,0.5338586080661454,0.5847723127697223,0.5282794322693243,0.6143814729880744,0.6042335485046643,"[np.float64(0.8185840707964602), np.float64(0.577639751552795), np.float64(0.232)]","[np.float64(0.8801040606266259), np.float64(0.5546848381601363), np.float64(0.43307943416757344)]","[np.float64(0.8801040606266259), np.float64(0.18409090909090908), np.float64(0.6983590733590733), np.float64(0.4356984478935698)]","[np.float64(0.588495575221239), np.float64(0.6583850931677019), np.float64(0.616)]","[np.float64(0.5221238938053098), np.float64(0.6614906832298136), np.float64(0.664)]","[np.float64(0.8801040606266259), np.float64(0.1080368906455863), np.float64(0.5638709677419355), np.float64(0.24600638977635783), np.float64(0.11570247933884298), np.float64(0.3390804597701149), np.float64(0.31521739130434784)]",0.34014540570982404,0.36685980560054443,0.3435747146304954
39,4.068044001551603,1.5723757312544635,0.6215039358308571,1.2526603986275326,0.9746141623727659,0.5977615697077859,7.45428088440032,2.3998028421967956,1.5419539789771468,1.9705700665623922,1.7246717939744718,0.6751310532409642,0.6285289747399703,0.8269873699851411,0.8315843239227341,0.8017273402674592,0.6433878157503715,0.6047548291233283,0.6123788183823212,0.5736850997525053,0.5308583867221754,0.6377951758386541,0.6083858729768825,0.6223330585023544,0.6417693331691805,0.5452571522608383,0.6807496656223089,0.6492397442239689,0.6110476760546758,0.5860922695729726,0.5337426546274054,0.6372119815154226,0.605976692501923,"[np.float64(0.8053097345132744), np.float64(0.5496894409937888), np.float64(0.512)]","[np.float64(0.9070806469856351), np.float64(0.4143100511073254), np.float64(0.6039173014145811)]","[np.float64(0.9070806469856351), np.float64(0.1625), np.float64(0.6192084942084942), np.float64(0.49223946784922396)]","[np.float64(0.7964601769911505), np.float64(0.4937888198757764), np.float64(0.752)]","[np.float64(0.668141592920354), np.float64(0.48757763975155277), np.float64(0.792)]","[np.float64(0.9070806469856351), np.float64(0.08432147562582346), np.float64(0.43032258064516127), np.float64(0.16134185303514376), np.float64(0.12396694214876033), np.float64(0.40229885057471265), np.float64(0.6159420289855072)]",0.3466978091592345,0.3893249111429634,0.3414278316494213
40,4.010236804820479,1.5496451662742206,0.6151398209927966,1.2303120021102885,0.9544328346853092,0.5952123308812115,7.515562569705952,2.400471925381737,1.5464808180353409,2.022128999763851,1.7832799230202014,0.6171920055009491,0.5542347696879644,0.8346953937592868,0.8266158989598811,0.8024238484398217,0.6597325408618128,0.5735512630014858,0.5397460172036443,0.5909775236006504,0.5229681598261375,0.6530009538484115,0.5864464583373249,0.5556097400098938,0.5927187412957403,0.5624366250354751,0.618962897817842,0.5829858370435516,0.5418309667976641,0.582593627809918,0.5372912599481473,0.6301900067164605,0.5606964700489331,"[np.float64(0.5398230088495575), np.float64(0.5590062111801242), np.float64(0.568)]","[np.float64(0.8980884515326321), np.float64(0.6385008517887564), np.float64(0.24156692056583243)]","[np.float64(0.8980884515326321), np.float64(0.16363636363636364), np.float64(0.6037644787644788), np.float64(0.5842572062084257)]","[np.float64(0.7168141592920354), np.float64(0.7080745341614907), np.float64(0.432)]","[np.float64(0.4336283185840708), np.float64(0.6273291925465838), np.float64(0.688)]","[np.float64(0.8980884515326321), np.float64(0.11067193675889328), np.float64(0.5870967741935483), np.float64(0.39456869009584666), np.float64(0.09090909090909091), np.float64(0.1417624521072797), np.float64(0.2717391304347826)]",0.3519028014968972,0.3564052180045819,0.34278240012772987
41,3.9464054378709825,1.535933558843023,0.5856144435511045,1.2392429945099899,0.9432702872904293,0.5926632703003069,7.40595047834719,2.369585831370481,1.5352858924016755,1.9657928614658842,1.746632612777393,0.6229532103244911,0.5973254086181278,0.8326058692421991,0.8355776374442794,0.8058135215453195,0.6597325408618128,0.6062407132243685,0.5743873542928931,0.5782218996844443,0.5436309039235827,0.6453606917021552,0.6130602388700342,0.5961966324044047,0.6416973631426784,0.5488393230923356,0.6847314901335678,0.643054434855897,0.5797421264112327,0.5972782364819736,0.5321599665110082,0.6548293947787142,0.6068477630530928,"[np.float64(0.7610619469026548), np.float64(0.515527950310559), np.float64(0.512)]","[np.float64(0.9092297251442144), np.float64(0.4565587734241908), np.float64(0.55930359085963)]","[np.float64(0.9092297251442144), np.float64(0.12272727272727273), np.float64(0.650096525096525), np.float64(0.5133037694013304)]","[np.float64(0.7876106194690266), np.float64(0.546583850931677), np.float64(0.72)]","[np.float64(0.6283185840707964), np.float64(0.5248447204968945), np.float64(0.776)]","[np.float64(0.9092297251442144), np.float64(0.05138339920948617), np.float64(0.4832258064516129), np.float64(0.19968051118210864), np.float64(0.09917355371900827), np.float64(0.3620689655172414), np.float64(0.5905797101449275)]",0.34257536360396906,0.38504881019551424,0.3427814181672723
42,3.8196022355673165,1.478429104395028,0.5760059134432379,1.1891613001379415,0.8915494663555683,0.586879638973413,7.329102693042699,2.314560855531551,1.535501156079663,1.9435395249980847,1.714540880228716,0.600019981802748,0.5973254086181278,0.8382708023774146,0.8354383358098069,0.8096675334323923,0.6582466567607727,0.6478454680534919,0.605846810289961,0.585285452785927,0.534348544324664,0.6375803793907243,0.6340614626833708,0.589938327928324,0.6245688948107928,0.5534469445622117,0.6545146668132432,0.6603774345444219,0.5703800207644807,0.6020383810891816,0.5403274365442539,0.6444010696329009,0.6417216447853441,"[np.float64(0.911504424778761), np.float64(0.4503105590062112), np.float64(0.408)]","[np.float64(0.9104739282886551), np.float64(0.53015332197615), np.float64(0.43307943416757344)]","[np.float64(0.9104739282886551), np.float64(0.16704545454545455), np.float64(0.6163127413127413), np.float64(0.5199556541019955)]","[np.float64(0.7566371681415929), np.float64(0.6149068322981367), np.float64(0.592)]","[np.float64(0.7079646017699115), np.float64(0.593167701863354), np.float64(0.68)]","[np.float64(0.9104739282886551), np.float64(0.11330698287220026), np.float64(0.4967741935483871), np.float64(0.31150159744408945), np.float64(0.09917355371900827), np.float64(0.3218390804597701), np.float64(0.38768115942028986)]",0.35391435201748456,0.37725007082177153,0.362397052179028
43,3.8147797933828986,1.4743916301741093,0.5590543407512487,1.2222794836416142,0.8985659407294226,0.5758256899392874,7.5545526456408405,2.416273585059169,1.5510823751415626,2.0361143018088637,1.787107615159598,0.629165967158111,0.5319465081723626,0.8082745170876672,0.8095282317979198,0.7806463595839525,0.6151560178306092,0.5022288261515602,0.5274691358024691,0.5515543861353106,0.5197970278839534,0.6067087067326385,0.548833169631489,0.4925015848586452,0.6352664231969403,0.5513829258691231,0.631007163927518,0.5285741402370875,0.4949668793020568,0.5782465731280131,0.527174703675424,0.6096551822277322,0.4860459435709113,"[np.float64(0.3893805309734513), np.float64(0.6801242236024845), np.float64(0.408)]","[np.float64(0.8745617011650266), np.float64(0.4936967632027257), np.float64(0.5375408052230686)]","[np.float64(0.8745617011650266), np.float64(0.21363636363636362), np.float64(0.6616795366795367), np.float64(0.4556541019955654)]","[np.float64(0.6415929203539823), np.float64(0.5714285714285714), np.float64(0.68)]","[np.float64(0.28761061946902655), np.float64(0.562111801242236), np.float64(0.736)]","[np.float64(0.8745617011650266), np.float64(0.1251646903820817), np.float64(0.5025806451612903), np.float64(0.18849840255591055), np.float64(0.1652892561983471), np.float64(0.3773946360153257), np.float64(0.5036231884057971)]",0.3363637463315828,0.3910160742691112,0.3471361213900467
44,3.7413685786721,1.4405247868942412,0.5505405789723627,1.1997626341227328,0.8565627926070043,0.5839619931612311,7.305786659172806,2.292225531017745,1.540171179644078,1.9332187787715334,1.7119637646377972,0.5802617667779016,0.6359583952451708,0.8377135958395245,0.8289840267459139,0.806417161961367,0.6641901931649331,0.6508172362555721,0.6363422556050741,0.5936318278971532,0.5200477374358541,0.6452118299124109,0.6362519001383163,0.5906224738452518,0.6129855620269282,0.5597188052776155,0.6385106359588852,0.6377208816577805,0.5822271462641951,0.6015803865505728,0.5373630298352473,0.6413301337711682,0.636180229521771,"[np.float64(0.8938053097345132), np.float64(0.5900621118012422), np.float64(0.288)]","[np.float64(0.9052708969573577), np.float64(0.5833049403747871), np.float64(0.35038084874863984)]","[np.float64(0.9052708969573577), np.float64(0.18295454545454545), np.float64(0.553088803088803), np.float64(0.5975609756097561)]","[np.float64(0.7345132743362832), np.float64(0.6770186335403726), np.float64(0.504)]","[np.float64(0.672566371681416), np.float64(0.6645962732919255), np.float64(0.576)]","[np.float64(0.9052708969573577), np.float64(0.11198945981554677), np.float64(0.5296774193548387), np.float64(0.36741214057507987), np.float64(0.14049586776859505), np.float64(0.14942528735632185), np.float64(0.4673913043478261)]",0.35232378246809787,0.38166605373936663,0.35838595446235794
45,3.689070746451248,1.4135405647475585,0.5496313041056333,1.1762675728528786,0.8372356518857641,0.5763049117791976,7.3671225029919905,2.356608707048773,1.5351449491715927,1.9402238986612428,1.742615849044981,0.613992861121097,0.6106983655274889,0.8530832095096582,0.843471396731055,0.8218332095096582,0.6864784546805349,0.6329866270430906,0.5944420425613681,0.614861947571547,0.5306951242647961,0.6712651579389318,0.6255397356374007,0.6193171732717712,0.6238430613028153,0.5559962149875828,0.6705507979259422,0.6540978031843749,0.6015133797502106,0.6187444031838948,0.5136551429301153,0.6679434897543729,0.630521586423395,"[np.float64(0.7522123893805309), np.float64(0.5217391304347826), np.float64(0.584)]","[np.float64(0.9317950458092976), np.float64(0.5120954003407155), np.float64(0.4276387377584331)]","[np.float64(0.9317950458092976), np.float64(0.07727272727272727), np.float64(0.44884169884169883), np.float64(0.7660753880266076)]","[np.float64(0.8185840707964602), np.float64(0.6490683229813664), np.float64(0.544)]","[np.float64(0.6504424778761062), np.float64(0.5838509316770186), np.float64(0.728)]","[np.float64(0.9317950458092976), np.float64(0.04479578392621871), np.float64(0.40064516129032257), np.float64(0.48562300319488816), np.float64(0.04132231404958678), np.float64(0.1724137931034483), np.float64(0.6123188405797102)]",0.3474181468778822,0.3841305631362104,0.34256927603664356
46,3.6354655485745258,1.401264146532361,0.5179969520550773,1.1982074985832702,0.8176518472869838,0.5836122997005149,7.308076786358208,2.301168373855002,1.5388101070500269,1.9292881948657843,1.7110932863784474,0.590075091113411,0.6181277860326895,0.8412890044576523,0.8373421248142645,0.81268573551263,0.6671619613670133,0.6552748885586924,0.6122907093825726,0.5890107496017046,0.5394002559568303,0.6546771024323417,0.6401327838827839,0.6170431118195643,0.6027245086299584,0.521748458291641,0.6560863335715202,0.6695109840781254,0.5958194659852118,0.5955559218683086,0.5230294423720776,0.6527651044589408,0.6501281816845405,"[np.float64(0.9070796460176991), np.float64(0.4720496894409938), np.float64(0.472)]","[np.float64(0.9192964596765072), np.float64(0.5189097103918229), np.float64(0.36996735582154516)]","[np.float64(0.9192964596765072), np.float64(0.14204545454545456), np.float64(0.622104247104247), np.float64(0.4035476718403548)]","[np.float64(0.7920353982300885), np.float64(0.6242236024844721), np.float64(0.552)]","[np.float64(0.7477876106194691), np.float64(0.5807453416149069), np.float64(0.68)]","[np.float64(0.9192964596765072), np.float64(0.09090909090909091), np.float64(0.5238709677419355), np.float64(0.21565495207667731), np.float64(0.08264462809917356), np.float64(0.27011494252873564), np.float64(0.2898550724637681)]",0.34466008289119193,0.3417637304994126,0.3383396504141562
47,3.5985318171892198,1.381697044067057,0.5155852123700171,1.1856643504482334,0.8008675133863051,0.5808295316225981,7.428146448616458,2.333977464398574,1.5453523581388797,2.003464281028385,1.7271359009275804,0.6068415610169444,0.5973254086181278,0.8091567607726597,0.8039097325408618,0.7777210252600297,0.6463595839524517,0.6300148588410104,0.6107489467561775,0.5586101072649859,0.5164693843578332,0.6336639003096289,0.625182293419488,0.5556073947855402,0.6227072614606022,0.5626037918291771,0.6364315945693398,0.629556496088239,0.5488007237194109,0.5830076765780302,0.5310204456298143,0.6331609871581081,0.6211506295442547,"[np.float64(0.8451327433628318), np.float64(0.5496894409937888), np.float64(0.272)]","[np.float64(0.8657957244655582), np.float64(0.5931856899488926), np.float64(0.4091403699673558)]","[np.float64(0.8657957244655582), np.float64(0.22613636363636364), np.float64(0.6496138996138996), np.float64(0.508869179600887)]","[np.float64(0.6415929203539823), np.float64(0.6677018633540373), np.float64(0.6)]","[np.float64(0.588495575221239), np.float64(0.6521739130434783), np.float64(0.648)]","[np.float64(0.8657957244655582), np.float64(0.15810276679841898), np.float64(0.5683870967741935), np.float64(0.2779552715654952), np.float64(0.12396694214876033), np.float64(0.23371647509578544), np.float64(0.463768115942029)]",0.3396999713425325,0.3845274846843201,0.3542766360599579
48,3.5171304069926252,1.3621533559818413,0.49337656311329886,1.1682239287414642,0.7787967396578066,0.5833566154611144,7.34236610537113,2.308444747938954,1.542077526848111,1.9497663072733213,1.7119390486963424,0.5965057011881638,0.6062407132243685,0.8264765973254086,0.8181649331352154,0.7934621099554234,0.649331352154532,0.6285289747399703,0.5890170548681328,0.5706949566112586,0.5174612309571912,0.6248477971410904,0.6150382582757837,0.5944479744956851,0.6082547200715683,0.5394648581750285,0.6294778577841295,0.6307900108100185,0.5799435970986296,0.5865112818574443,0.5208514145961629,0.6268813341740085,0.6182917914567198,"[np.float64(0.8451327433628318), np.float64(0.5062111801242236), np.float64(0.432)]","[np.float64(0.890792896731139), np.float64(0.5901192504258944), np.float64(0.3438520130576714)]","[np.float64(0.890792896731139), np.float64(0.15681818181818183), np.float64(0.6235521235521235), np.float64(0.4866962305986696)]","[np.float64(0.7477876106194691), np.float64(0.6366459627329193), np.float64(0.504)]","[np.float64(0.6769911504424779), np.float64(0.5993788819875776), np.float64(0.616)]","[np.float64(0.890792896731139), np.float64(0.06851119894598155), np.float64(0.5909677419354838), np.float64(0.24600638977635783), np.float64(0.15702479338842976), np.float64(0.14942528735632185), np.float64(0.427536231884058)]",0.335711607690424,0.36146636285968176,0.33393497388046445
49,3.4686406837698365,1.3624806753855487,0.48117630117824667,1.1438074020621303,0.7753735533990275,0.5871071216497717,7.549613382413055,2.3643291375049853,1.5550239712265195,2.0752363289852878,1.754204145878642,0.6101249932071044,0.5586924219910847,0.8016344725111442,0.7905832095096582,0.7669019316493314,0.6404160475482912,0.5542347696879644,0.5412323946806705,0.5576664684729439,0.5069209589888377,0.6303317427546635,0.5749561600261001,0.5450390076769454,0.5974080223159081,0.56664517257219,0.6060598398651496,0.5652584327305373,0.5404668748356057,0.5664707658922332,0.5260987593512108,0.6155065012019817,0.5420726064942202,"[np.float64(0.5663716814159292), np.float64(0.5807453416149069), np.float64(0.488)]","[np.float64(0.8529578102024657), np.float64(0.6541737649063032), np.float64(0.2850924918389554)]","[np.float64(0.8529578102024657), np.float64(0.3181818181818182), np.float64(0.5777027027027027), np.float64(0.5177383592017738)]","[np.float64(0.6238938053097345), np.float64(0.7142857142857143), np.float64(0.48)]","[np.float64(0.40707964601769914), np.float64(0.6086956521739131), np.float64(0.68)]","[np.float64(0.8529578102024657), np.float64(0.2437417654808959), np.float64(0.5503225806451613), np.float64(0.33865814696485624), np.float64(0.15702479338842976), np.float64(0.1724137931034483), np.float64(0.2717391304347826)]",0.34225566113797373,0.36955114574572,0.3448737643538272
50,3.4033863919062473,1.3100295274859084,0.46869058943975994,1.1559756910117225,0.7371017374707303,0.5729277898981052,7.363805374688847,2.3403490512944116,1.5373502509884027,1.948755842641836,1.733807336328999,0.6065417147222187,0.600297176820208,0.8382708023774146,0.8318629271916791,0.8070672362555721,0.6552748885586924,0.5928677563150074,0.5747122227855708,0.5899435912717522,0.5397681979583423,0.6391173628531194,0.5936433094494847,0.5838960772458271,0.6135326358937729,0.5173198771938343,0.6425280052767549,0.6035491306180033,0.5776425323821093,0.6007426697293495,0.5117769237667831,0.6404724403731135,0.5890268166614628,"[np.float64(0.7477876106194691), np.float64(0.5559006211180124), np.float64(0.448)]","[np.float64(0.9096256079629002), np.float64(0.5522998296422488), np.float64(0.3786724700761698)]","[np.float64(0.9096256079629002), np.float64(0.12386363636363637), np.float64(0.6732625482625483), np.float64(0.3625277161862528)]","[np.float64(0.7389380530973452), np.float64(0.6366459627329193), np.float64(0.552)]","[np.float64(0.5707964601769911), np.float64(0.5838509316770186), np.float64(0.656)]","[np.float64(0.9096256079629002), np.float64(0.08168642951251646), np.float64(0.5761290322580646), np.float64(0.17412140575079874), np.float64(0.049586776859504134), np.float64(0.25287356321839083), np.float64(0.3442028985507246)]",0.34562493300460995,0.34117510201612855,0.33225227621940573
51,3.3122964989041908,1.2790493915399463,0.45549663461402856,1.1222538392061847,0.7122099416325195,0.5668394478343133,7.540573268686629,2.3968406880290996,1.5443512438312836,2.0550300830903323,1.778641532365929,0.6181991560169073,0.5661218424962853,0.8278696136701337,0.818582838038633,0.7946693907875185,0.6463595839524517,0.5364041604754829,0.5706998833435616,0.5754933635080351,0.501803052223222,0.6301226551226551,0.5682843454546432,0.5768156250572565,0.607294404221304,0.5383291456360804,0.6213786987669251,0.5626248923578666,0.5613725140336024,0.5888482677269903,0.5157144005665245,0.6251636398707092,0.5331388152077807,"[np.float64(0.5221238938053098), np.float64(0.5683229813664596), np.float64(0.64)]","[np.float64(0.893846849903857), np.float64(0.5809199318568995), np.float64(0.3471164309031556)]","[np.float64(0.893846849903857), np.float64(0.14545454545454545), np.float64(0.5907335907335908), np.float64(0.5232815964523282)]","[np.float64(0.7035398230088495), np.float64(0.6645962732919255), np.float64(0.496)]","[np.float64(0.40707964601769914), np.float64(0.5527950310559007), np.float64(0.728)]","[np.float64(0.893846849903857), np.float64(0.10935441370223979), np.float64(0.5238709677419355), np.float64(0.30670926517571884), np.float64(0.049586776859504134), np.float64(0.21264367816091953), np.float64(0.3804347826086957)]",0.3267388060347454,0.35377810487898154,0.3368652277781598
52,3.358099852615851,1.3141231731262173,0.44068286809645435,1.162610940688253,0.738750506574228,0.5753726663651987,7.331761994064738,2.422313969991327,1.5344811773441667,1.8404856453309781,1.7022578886071722,0.720056076254972,0.5854383358098069,0.856844353640416,0.8534546805349182,0.831027117384844,0.6760772659732541,0.6894502228826151,0.6149993423413415,0.622650650198957,0.5678437733174843,0.6610917922393332,0.6702165424210152,0.5719379981311493,0.5895010503523914,0.511334818111656,0.6601816083108888,0.6844938895912347,0.5446106181150551,0.6045288576457041,0.5302771397934506,0.6447826594857381,0.6655160802593441,"[np.float64(0.9778761061946902), np.float64(0.40993788819875776), np.float64(0.328)]","[np.float64(0.9455943897749124), np.float64(0.48449744463373084), np.float64(0.338411316648531)]","[np.float64(0.9455943897749124), np.float64(0.12727272727272726), np.float64(0.5733590733590733), np.float64(0.3991130820399113)]","[np.float64(0.9513274336283186), np.float64(0.5652173913043478), np.float64(0.464)]","[np.float64(0.9380530973451328), np.float64(0.5714285714285714), np.float64(0.544)]","[np.float64(0.9455943897749124), np.float64(0.08959156785243742), np.float64(0.5032258064516129), np.float64(0.17731629392971246), np.float64(0.0743801652892562), np.float64(0.18199233716475097), np.float64(0.41304347826086957)]",0.3722371791723823,0.34073486267479314,0.3468042875009947
53,3.2786023177278123,1.2746940200179826,0.4283047219195175,1.1472988548913199,0.7047152121387811,0.5699788082054275,7.411322548410659,2.351477846547475,1.5364166827159396,1.9870113190982037,1.7396932129336393,0.6117846347855885,0.6166419019316494,0.8356240713224369,0.8310735512630015,0.8058135215453195,0.6641901931649331,0.62555720653789,0.6063644793357652,0.5865666071105534,0.5269310021609254,0.6432173253291865,0.6245678259101078,0.5667261767346415,0.6128059627244901,0.5544847669411354,0.6503132706718701,0.6165346378643801,0.5758245831409164,0.5985470387337936,0.5391562096467651,0.6454521814767089,0.6146450954912462,"[np.float64(0.6902654867256637), np.float64(0.6739130434782609), np.float64(0.336)]","[np.float64(0.9075330844927044), np.float64(0.5424190800681431), np.float64(0.38846572361262244)]","[np.float64(0.9075330844927044), np.float64(0.18522727272727274), np.float64(0.5752895752895753), np.float64(0.549889135254989)]","[np.float64(0.7876106194690266), np.float64(0.6273291925465838), np.float64(0.536)]","[np.float64(0.5707964601769911), np.float64(0.6708074534161491), np.float64(0.608)]","[np.float64(0.9075330844927044), np.float64(0.12648221343873517), np.float64(0.48129032258064514), np.float64(0.3306709265175719), np.float64(0.12396694214876033), np.float64(0.24329501915708812), np.float64(0.42028985507246375)]",0.35140920785742813,0.3762183376297098,0.36229610297891707
54,3.2059793092894684,1.2643535936627393,0.4175990209196603,1.1064276701027373,0.6894515415082588,0.5749020506443698,7.4502341839255495,2.3526431622774027,1.5475304392042075,2.0025301432397318,1.75675584654426,0.595887317722912,0.586924219910847,0.8216474739970282,0.8172362555720654,0.7918369242199108,0.6166419019316494,0.563150074294205,0.5710762565895924,0.569459926380561,0.5193524066697314,0.6008676109197331,0.5826793760357177,0.5759432015976841,0.625992334577217,0.5409757981884089,0.6195577786328075,0.5958842778357977,0.5718951888136448,0.5921351242958878,0.5254167817954296,0.6072932589106375,0.5611298292128449,"[np.float64(0.5973451327433629), np.float64(0.6024844720496895), np.float64(0.528)]","[np.float64(0.8896618029634656), np.float64(0.5236797274275979), np.float64(0.4646354733405876)]","[np.float64(0.8896618029634656), np.float64(0.1943181818181818), np.float64(0.6187258687258688), np.float64(0.4611973392461197)]","[np.float64(0.6637168141592921), np.float64(0.5869565217391305), np.float64(0.608)]","[np.float64(0.4557522123893805), np.float64(0.5559006211180124), np.float64(0.776)]","[np.float64(0.8896618029634656), np.float64(0.13175230566534915), np.float64(0.5187096774193548), np.float64(0.2012779552715655), np.float64(0.12396694214876033), np.float64(0.2624521072796935), np.float64(0.5072463768115942)]",0.33895498205863434,0.37643816679425474,0.34833680250378124
55,3.208785478928325,1.2681792940566854,0.41144682521638776,1.117712537326993,0.6846294908390965,0.5835498022810046,7.332153038738036,2.3205384115083283,1.5373328938328548,1.9369488293056318,1.7156286699481818,0.6049097400567652,0.6196136701337296,0.8335809806835067,0.830748514115899,0.8044205052005944,0.6582466567607727,0.6463595839524517,0.6355488817600619,0.5728839105681237,0.5252176409313206,0.6330275122514767,0.6279310309925571,0.5695038751168032,0.6037381599846848,0.5483831551728473,0.6517615199985342,0.6434672676304073,0.5647244603818948,0.5866429460639496,0.5344504484080699,0.638156886668761,0.6340676034544865,"[np.float64(0.8451327433628318), np.float64(0.5993788819875776), np.float64(0.264)]","[np.float64(0.9071372016740188), np.float64(0.5362862010221465), np.float64(0.367791077257889)]","[np.float64(0.9071372016740188), np.float64(0.17613636363636365), np.float64(0.5936293436293436), np.float64(0.516629711751663)]","[np.float64(0.827433628318584), np.float64(0.5838509316770186), np.float64(0.544)]","[np.float64(0.7123893805309734), np.float64(0.6180124223602484), np.float64(0.6)]","[np.float64(0.9071372016740188), np.float64(0.08959156785243742), np.float64(0.4941935483870968), np.float64(0.3402555910543131), np.float64(0.14049586776859505), np.float64(0.2547892720306513), np.float64(0.31521739130434784)]",0.33979544130743516,0.3630972057244943,0.34780072815669366
56,3.1416404003817444,1.2633099092793594,0.3992007250025494,1.0799290414100702,0.7018888186370851,0.5614210899319436,7.333421504815891,2.343153584251064,1.5315679286990747,1.9271320596293102,1.7208412733559084,0.6223123102318993,0.6181277860326895,0.8338131500742942,0.8324201337295691,0.8063707280832095,0.6656760772659732,0.6315007429420505,0.6035333929355668,0.5801073227660648,0.5205123593117239,0.6485892637537845,0.6229395358421048,0.5651930596016783,0.6249450648928055,0.5325130498070942,0.6773372176111692,0.6408903057952693,0.5713922080340171,0.5953005157452349,0.5155748371791541,0.6518871458427978,0.6278113953883279,"[np.float64(0.7300884955752213), np.float64(0.6614906832298136), np.float64(0.304)]","[np.float64(0.9129623345775365), np.float64(0.46132879045996594), np.float64(0.500544069640914)]","[np.float64(0.9129623345775365), np.float64(0.09772727272727273), np.float64(0.5883204633204633), np.float64(0.5310421286031042)]","[np.float64(0.8849557522123894), np.float64(0.531055900621118), np.float64(0.616)]","[np.float64(0.6592920353982301), np.float64(0.5993788819875776), np.float64(0.664)]","[np.float64(0.9129623345775365), np.float64(0.0461133069828722), np.float64(0.4619354838709677), np.float64(0.2364217252396166), np.float64(0.10743801652892562), np.float64(0.31800766283524906), np.float64(0.5253623188405797)]",0.33532309949066413,0.3726058355536782,0.3401966877185377
57,3.095964331829062,1.2408594875773635,0.3833273066017482,1.0884502288326214,0.6708149193742264,0.570044567298123,7.402552011812476,2.360120754213644,1.538811814183651,1.9648076469183675,1.713685106806656,0.6464356451961336,0.6106983655274889,0.8346489598811293,0.8281946508172363,0.8045598068350669,0.6612184249628529,0.6329866270430906,0.5969674753492166,0.5893663283169147,0.5298804681770568,0.6398078399388119,0.6222060231371366,0.5999370453837556,0.6070403648673733,0.5379828606258492,0.6390786199820444,0.6414857729163231,0.587498583395622,0.5966366483207844,0.5289943465032768,0.6385932787591555,0.6262689414863327,"[np.float64(0.8362831858407079), np.float64(0.515527950310559), np.float64(0.448)]","[np.float64(0.9041963578780681), np.float64(0.5676320272572402), np.float64(0.34929270946681173)]","[np.float64(0.9041963578780681), np.float64(0.16477272727272727), np.float64(0.6206563706563707), np.float64(0.4623059866962306)]","[np.float64(0.7610619469026548), np.float64(0.6521739130434783), np.float64(0.504)]","[np.float64(0.6548672566371682), np.float64(0.6055900621118012), np.float64(0.664)]","[np.float64(0.9041963578780681), np.float64(0.08300395256916997), np.float64(0.58), np.float64(0.23961661341853036), np.float64(0.18181818181818182), np.float64(0.16283524904214558), np.float64(0.43478260869565216)]",0.35290291784802635,0.36946470906024975,0.3515560622956889
58,3.082232287527738,1.22428171691158,0.38356936991675283,1.0908118289216153,0.6538756539358438,0.5704060628073616,7.332238809998736,2.3176254462063843,1.5373335577967613,1.9399462612870892,1.7069631662849856,0.6106622764724652,0.5794947994056464,0.836738484398217,0.8338131500742942,0.8080887815750372,0.6552748885586924,0.6537890044576523,0.6094669934359503,0.5757040693684021,0.52004240770879,0.6301278154131201,0.6294679876194467,0.5406867842943256,0.5930796329359204,0.5424607665999025,0.6318023415599406,0.6346546473918541,0.5129543583277195,0.5838215683449873,0.5254867418850522,0.6294608355469135,0.6316864469961837,"[np.float64(0.9513274336283186), np.float64(0.46273291925465837), np.float64(0.208)]","[np.float64(0.9129057798891528), np.float64(0.5366269165247018), np.float64(0.3297062023939064)]","[np.float64(0.9129057798891528), np.float64(0.11704545454545455), np.float64(0.5844594594594594), np.float64(0.5554323725055432)]","[np.float64(0.7787610619469026), np.float64(0.6366459627329193), np.float64(0.48)]","[np.float64(0.7522123893805309), np.float64(0.639751552795031), np.float64(0.512)]","[np.float64(0.9129057798891528), np.float64(0.048748353096179184), np.float64(0.5103225806451613), np.float64(0.36261980830670926), np.float64(0.11570247933884298), np.float64(0.1896551724137931), np.float64(0.33695652173913043)]",0.3317529010001106,0.3538443850612813,0.3376069318936347
59,3.0342085528451093,1.2113557278048677,0.3723133824261673,1.078226063825778,0.6499465474102781,0.5614091830543837,7.3099719777659065,2.3426114112050316,1.540939060092326,1.8854824446075393,1.7116777100973384,0.6309336970397202,0.5809806835066865,0.8461645616641902,0.8426820208023774,0.8177005943536404,0.6448736998514116,0.6419019316493314,0.589897171570659,0.5764710501018818,0.5405287376736694,0.6169583209238018,0.6159558139948255,0.5552708550907858,0.5652035298428929,0.5232761473613322,0.6176604188424119,0.6302031917037688,0.5362685403761734,0.5682605028306212,0.5251732022071863,0.610790896360516,0.6209260180879967,"[np.float64(0.9070796460176991), np.float64(0.46273291925465837), np.float64(0.296)]","[np.float64(0.9271010066734532), np.float64(0.5574105621805792), np.float64(0.21109902067464636)]","[np.float64(0.9271010066734532), np.float64(0.11704545454545455), np.float64(0.6032818532818532), np.float64(0.44567627494456763)]","[np.float64(0.8407079646017699), np.float64(0.5962732919254659), np.float64(0.416)]","[np.float64(0.7743362831858407), np.float64(0.5962732919254659), np.float64(0.52)]","[np.float64(0.9271010066734532), np.float64(0.05928853754940711), np.float64(0.5645161290322581), np.float64(0.26996805111821087), np.float64(0.06611570247933884), np.float64(0.11685823754789272), np.float64(0.213768115942029)]",0.3337821219514618,0.3168022543346557,0.31524302207952953
60,3.0194090779386897,1.2173131696794253,0.36253536752183413,1.0770251693352293,0.6528047858278218,0.5645083844356533,7.33647550390453,2.3426943974961865,1.5328253235236828,1.9281304353068773,1.7114603926236975,0.6312340025732001,0.5601783060921248,0.8313985884101041,0.8290304606240714,0.8040026002971769,0.6448736998514116,0.6433878157503715,0.6056377754938906,0.5831291513645168,0.5231961857939258,0.6274473276247374,0.6260549748354626,0.5425370197328643,0.6230962836695388,0.5485624354117633,0.6458925227651661,0.6477379211784752,0.5202777494384843,0.6001566532739088,0.5340131703809758,0.6325263416898418,0.6342085316586232,"[np.float64(0.9247787610619469), np.float64(0.40683229813664595), np.float64(0.296)]","[np.float64(0.9057798891528107), np.float64(0.49778534923339013), np.float64(0.4657236126224157)]","[np.float64(0.9057798891528107), np.float64(0.1590909090909091), np.float64(0.5805984555984556), np.float64(0.5487804878048781)]","[np.float64(0.7964601769911505), np.float64(0.5652173913043478), np.float64(0.576)]","[np.float64(0.7433628318584071), np.float64(0.5838509316770186), np.float64(0.616)]","[np.float64(0.9057798891528107), np.float64(0.1080368906455863), np.float64(0.49096774193548387), np.float64(0.2476038338658147), np.float64(0.09090909090909091), np.float64(0.25862068965517243), np.float64(0.5615942028985508)]",0.3481515409541459,0.3805017627232156,0.35506348162499657
61,2.979486651548279,1.1994931143399041,0.36048397361756124,1.0590255906231891,0.6279155469695168,0.5715775671625499,7.483307694115342,2.3677197411789033,1.5456887030813744,2.0242105361615867,1.7219632743727913,0.6457564683979272,0.5646359583952452,0.8054420505200595,0.799312778603269,0.7735884101040119,0.6359583952451708,0.5884101040118871,0.5401444722634671,0.5566956962311003,0.500724841831931,0.6208176672254305,0.5902397433946954,0.5515886329907107,0.6174453451358293,0.5524884012051615,0.6227867861265323,0.6006283735502667,0.5368696347360019,0.5797439822740879,0.5187901787571714,0.621296187886751,0.5825609970701973,"[np.float64(0.7876106194690266), np.float64(0.4751552795031056), np.float64(0.392)]","[np.float64(0.8633638728650606), np.float64(0.5809199318568995), np.float64(0.40805223068552776)]","[np.float64(0.8633638728650606), np.float64(0.21136363636363636), np.float64(0.6307915057915058), np.float64(0.5044345898004434)]","[np.float64(0.6592920353982301), np.float64(0.6490683229813664), np.float64(0.56)]","[np.float64(0.5398230088495575), np.float64(0.5900621118012422), np.float64(0.672)]","[np.float64(0.8633638728650606), np.float64(0.13043478260869565), np.float64(0.555483870967742), np.float64(0.26996805111821087), np.float64(0.18181818181818182), np.float64(0.22796934865900384), np.float64(0.4492753623188406)]",0.33090618297337204,0.3826162100508193,0.3477266559293623
62,2.9429919692493622,1.1988389986841959,0.34805933761368696,1.04803429050287,0.624315325465,0.5745236737006423,7.4999023445989685,2.332695343020408,1.556313032566263,2.0545809477656105,1.7242313842745138,0.6084639587458942,0.5839524517087668,0.7999164190193165,0.7942979197622585,0.7672734026745914,0.6166419019316494,0.5854383358098069,0.5502029426686961,0.5381187192984582,0.49549400841486396,0.6014432059789961,0.5887488919540328,0.5447165393283131,0.5974469449905201,0.5542473926211109,0.602293556129647,0.5827403946572858,0.5368241469216622,0.5599736078041976,0.5171905606984258,0.5980593180396552,0.5710311432504867,"[np.float64(0.7964601769911505), np.float64(0.5496894409937888), np.float64(0.288)]","[np.float64(0.8581608415337632), np.float64(0.5925042589437819), np.float64(0.3416757344940152)]","[np.float64(0.8581608415337632), np.float64(0.2340909090909091), np.float64(0.6081081081081081), np.float64(0.516629711751663)]","[np.float64(0.588495575221239), np.float64(0.6583850931677019), np.float64(0.56)]","[np.float64(0.49557522123893805), np.float64(0.6366459627329193), np.float64(0.616)]","[np.float64(0.8581608415337632), np.float64(0.13438735177865613), np.float64(0.532258064516129), np.float64(0.3274760383386581), np.float64(0.19834710743801653), np.float64(0.2222222222222222), np.float64(0.2826086956521739)]",0.3206032002141116,0.36506576021137416,0.333246187588834
63,2.906778166211177,1.1756130417118822,0.34113903562103337,1.0488870525658285,0.6156044228206852,0.5600086203828917,7.34150238206903,2.3387197496629257,1.536910381444484,1.9289618398032486,1.7374224355029777,0.6012973130987377,0.6062407132243685,0.8383636701337296,0.8343703566121843,0.8109212481426449,0.6612184249628529,0.6448736998514116,0.6273611625091058,0.583899264554811,0.5197514319697327,0.6389281115304133,0.629909748937887,0.548257021931512,0.5919644336398714,0.5427223521779168,0.6447951043441617,0.6254227450118178,0.5478287285653648,0.5876226076845857,0.5271227234545638,0.6386660677798915,0.6272961040679922,"[np.float64(0.7743362831858407), np.float64(0.6304347826086957), np.float64(0.24)]","[np.float64(0.9162425065037891), np.float64(0.5277683134582624), np.float64(0.33188248095756256)]","[np.float64(0.9162425065037891), np.float64(0.1318181818181818), np.float64(0.5463320463320464), np.float64(0.5764966740576497)]","[np.float64(0.8185840707964602), np.float64(0.6118012422360248), np.float64(0.504)]","[np.float64(0.672566371681416), np.float64(0.6677018633540373), np.float64(0.536)]","[np.float64(0.9162425065037891), np.float64(0.06982872200263504), np.float64(0.48451612903225805), np.float64(0.3801916932907348), np.float64(0.1322314049586777), np.float64(0.20881226053639848), np.float64(0.34782608695652173)]",0.34399241105031303,0.36280697189728783,0.35043967661683256
64,2.883598770892712,1.1740005452739368,0.32837328383242886,1.0528516572574744,0.6113923019235974,0.5626082443658494,7.335574205268385,2.3440894182075027,1.5340935755907958,1.9232976266821344,1.7113736761783633,0.6327157396414159,0.5928677563150074,0.8411497028231798,0.8389208766716196,0.8146823922734027,0.6716196136701337,0.6433878157503715,0.5957813889456927,0.5916308713039429,0.5425993180151875,0.6526021418889733,0.6306340424597686,0.6119293501163451,0.606472782312632,0.5286440901787637,0.6619577493175031,0.6698264900419574,0.5799463800845865,0.598456156437385,0.531756742076319,0.653183654074602,0.6403342609117258,"[np.float64(0.8849557522123894), np.float64(0.40683229813664595), np.float64(0.544)]","[np.float64(0.9216152019002375), np.float64(0.493015332197615), np.float64(0.4047878128400435)]","[np.float64(0.9216152019002375), np.float64(0.16136363636363638), np.float64(0.597007722007722), np.float64(0.43458980044345896)]","[np.float64(0.8362831858407079), np.float64(0.6055900621118012), np.float64(0.544)]","[np.float64(0.7522123893805309), np.float64(0.5372670807453416), np.float64(0.72)]","[np.float64(0.9216152019002375), np.float64(0.10408432147562582), np.float64(0.48838709677419356), np.float64(0.24121405750798722), np.float64(0.1322314049586777), np.float64(0.2720306513409962), np.float64(0.37681159420289856)]",0.36112799760312486,0.3623391897372309,0.35823132135574415
