epoch,train_loss,train_od_loss,train_sc_loss,train_dc_loss,train_label_loss,train_box_loss,val_loss,val_od_loss,val_sc_loss,val_dc_loss,val_label_loss,val_box_loss,val_od_acc,val_sc_cube_joint_acc,val_sc_cube_sten_acc,val_sc_cube_plaq_acc,val_sc_vessel_sten_acc,val_od_sten_per_class_acc,val_sc_sten_acc,val_sc_plaq_acc
1,5.754842005122853,2.4645259470421044,1.3374132261016949,0.6154896201365917,1.7892773305039622,0.6752486170143268,6.502783766839907,2.3863470175853467,1.6210834431719001,0.8742698641488389,1.833708485085462,0.5526385309080696,0.5468053221702576,0.8343239426612854,0.8519688248634338,0.8487184047698975,0.5750371217727661,"[0.8407079577445984, 0.5527950525283813, 0.0]","[0.9858613014221191, 0.2919931709766388, 0.06420021504163742]","[0.9858613014221191, 0.0, 0.3986486494541168, 0.022172948345541954]"
2,5.206874259195085,2.212181862780435,1.1830862511138796,0.6285199015953783,1.6916355219390768,0.5205463396969362,6.499765996055716,2.3555928606661563,1.6214838218971954,0.9012054926563795,1.8135635152414928,0.542029340605,0.5869241952896118,0.8366456031799316,0.8592124581336975,0.8571693897247314,0.6285289525985718,"[0.6637167930603027, 0.7515528202056885, 0.024000000208616257]","[0.9707046747207642, 0.37001702189445496, 0.27638736367225647]","[0.9707046747207642, 0.0011363636003807187, 0.5086872577667236, 0.2671840488910675]"
3,5.059615812522207,2.1689504230510717,1.1335588717875256,0.6235476419392784,1.6541775630860678,0.5147728602201967,6.499139059898761,2.403116949234235,1.602135194868999,0.8917517327767097,1.8050319975137004,0.5980849534892186,0.5988112688064575,0.8409639596939087,0.8593053221702576,0.8643202185630798,0.6002971529960632,"[0.8097345232963562, 0.5838509202003479, 0.25600001215934753]","[0.9819590449333191, 0.26814308762550354, 0.3873775899410248]","[0.9819590449333191, 0.0, 0.4343629479408264, 0.3891352415084839]"
4,4.973880635227188,2.1351909634294146,1.1005854818254373,0.637518697028906,1.6176318838392612,0.5175590789245473,6.374300366693151,2.2845802692701977,1.5979816036337562,0.893756895107756,1.7849252701513139,0.49965499836719357,0.5869241952896118,0.8322343826293945,0.8540583252906799,0.860419750213623,0.6329866051673889,"[0.8761062026023865, 0.40062111616134644, 0.5440000295639038]","[0.9670286178588867, 0.2872231602668762, 0.49075081944465637]","[0.9670286178588867, 0.007954545319080353, 0.614382266998291, 0.16740576922893524]"
5,4.897218736551576,2.116921887769874,1.0779576477315802,0.6243815599430331,1.611606790984081,0.505315095323038,6.370943936820554,2.3004029341904273,1.5843286220680712,0.901883765038114,1.8011117519186228,0.4992911842615739,0.5586923956871033,0.8342310786247253,0.8569372296333313,0.8619056344032288,0.6315007209777832,"[0.3097345232963562, 0.7981366515159607, 0.3919999897480011]","[0.9678769111633301, 0.30936968326568604, 0.4711643159389496]","[0.9678769111633301, 0.003409090917557478, 0.5994208455085754, 0.22505542635917664]"
6,4.808479879282962,2.0819827971380143,1.0575081637644834,0.6114807523744928,1.5776018482964422,0.5043809454740777,6.292433785401749,2.263090695047237,1.575030643083929,0.8792817813706327,1.7693619671490497,0.4937287255988984,0.6419019103050232,0.8423105478286743,0.8630200624465942,0.8675705790519714,0.6329866051673889,"[0.6946902871131897, 0.6832298040390015, 0.4399999976158142]","[0.9784526824951172, 0.31175467371940613, 0.40261152386665344]","[0.9784526824951172, 0.0, 0.49662160873413086, 0.39246121048927307]"
7,4.762383287320029,2.0735574960919085,1.0385905712642995,0.6116446462949201,1.5619221659072038,0.5116353309002973,6.409900829417062,2.329983010490146,1.5864979959029473,0.9069218196925495,1.792162854169172,0.5378201537674365,0.6329866051673889,0.8353918790817261,0.8572158217430115,0.8642273545265198,0.647845447063446,"[0.7920354008674622, 0.5776397585868835, 0.4880000054836273]","[0.9687252640724182, 0.3025553524494171, 0.48313385248184204]","[0.9687252640724182, 0.026136362925171852, 0.5415058135986328, 0.37472283840179443]"
8,4.731168836481491,2.0481933669981647,1.024971645493797,0.6330321778064478,1.5500299301903464,0.4981634363579422,6.247165443635482,2.2441460216080755,1.5704882576486832,0.8620429104442766,1.7523844302231197,0.4917615929988796,0.6344724893569946,0.8422176837921143,0.862602174282074,0.8671526908874512,0.6359583735466003,"[0.8805309534072876, 0.5496894121170044, 0.40799999237060547]","[0.9777174592018127, 0.3240204453468323, 0.367791086435318]","[0.9777174592018127, 0.005681818351149559, 0.5154440402984619, 0.34811529517173767]"
9,4.674388211725627,2.024299011476296,1.0039096939466936,0.6422698137213576,1.5366794051086836,0.4876196056993752,6.390670394331482,2.3361324623713506,1.569274488117999,0.9159889675743148,1.7820161892327782,0.5541162713256718,0.6270430684089661,0.8320950865745544,0.8533617854118347,0.8612555861473083,0.6389301419258118,"[0.7256637215614319, 0.590062141418457, 0.5440000295639038]","[0.9567356705665588, 0.32129472494125366, 0.5636561512947083]","[0.9567356705665588, 0.003409090917557478, 0.6259652376174927, 0.3669623136520386]"
10,4.677175524607722,2.044536724518248,0.9976367723501924,0.6373652603403576,1.5439044982615837,0.5006322235574072,6.394173542894312,2.2893179262427266,1.5801164502559855,0.9446227189695092,1.8029309189284237,0.4863870119349893,0.580980658531189,0.8151003122329712,0.8366456031799316,0.8500649929046631,0.6225854158401489,"[0.517699122428894, 0.5652173757553101, 0.7360000014305115]","[0.9366021752357483, 0.2947189211845398, 0.6441784501075745]","[0.9366021752357483, 0.028409091755747795, 0.56805020570755, 0.6031042337417603]"
11,4.593466228200386,1.9985929533923412,0.9803332335441926,0.634206800682123,1.5034218967634405,0.4951710572287356,6.318203911936955,2.2614100085521662,1.5666087625288467,0.9235763831025415,1.7533640150500334,0.508045989345726,0.6181277632713318,0.83330237865448,0.8515973091125488,0.8641344904899597,0.6329866051673889,"[0.8672566413879395, 0.4285714328289032, 0.656000018119812]","[0.9626173377037048, 0.2647359371185303, 0.5897715091705322]","[0.9626173377037048, 0.04772727191448212, 0.5, 0.5665188431739807]"
12,4.5440285019155615,1.979056499114439,0.9634633497966422,0.638045308495856,1.498150011256211,0.48090648577459116,6.19394494234985,2.2309206161725417,1.5573665660637424,0.8482911882131673,1.747888660218666,0.4830319605745618,0.6002971529960632,0.8419855237007141,0.8631593585014343,0.8656203746795654,0.6419019103050232,"[0.9646017551422119, 0.4627329111099243, 0.29600000381469727]","[0.9765863418579102, 0.32095399498939514, 0.41240477561950684]","[0.9765863418579102, 0.015909090638160706, 0.5448841452598572, 0.25609755516052246]"
13,4.544275389826399,1.979969289032795,0.9617246695883614,0.6408567670390726,1.479870388131736,0.5000988994856591,6.297599932560227,2.238718722977341,1.5707271038955326,0.9174269950708225,1.7563317087354575,0.48238701552417934,0.6463595628738403,0.8331166505813599,0.8545226454734802,0.8587945699691772,0.6433877944946289,"[0.8008849620819092, 0.5869565010070801, 0.5199999809265137]","[0.9615993499755859, 0.331856906414032, 0.46354731917381287]","[0.9615993499755859, 0.07045454531908035, 0.3817567527294159, 0.7084257006645203]"
14,4.45702444908267,1.937517534809892,0.9471906087345491,0.6251256995239837,1.4543492955413495,0.4831682410996176,6.214240800025555,2.233274296766219,1.5518877368298765,0.8771910264159523,1.7330199511893072,0.5002543454000433,0.6225854158401489,0.8409175276756287,0.8606054782867432,0.8682206273078918,0.6463595628738403,"[0.9203540086746216, 0.4192546606063843, 0.6079999804496765]","[0.9737586379051208, 0.281771719455719, 0.5321000814437866]","[0.9737586379051208, 0.020454544574022293, 0.41023164987564087, 0.6784922480583191]"
15,4.439275019523283,1.9288724835404316,0.9391858389174913,0.6320308587687501,1.4409188666765047,0.4879536151170394,6.29745416329947,2.2377942970315496,1.564631621278712,0.9303966180507083,1.7676779459775025,0.47011634751667963,0.5720653533935547,0.8330702185630798,0.8562871217727661,0.8600482940673828,0.6612184047698975,"[0.4203539788722992, 0.7018633484840393, 0.5120000243186951]","[0.954190731048584, 0.3734242022037506, 0.5146898627281189]","[0.954190731048584, 0.07386363297700882, 0.46235522627830505, 0.6951219439506531]"
16,4.3499920553406755,1.8847706309877506,0.9184860315800008,0.6282493623268217,1.3982083017853653,0.48656232991271603,6.228407245715223,2.211705046874479,1.5550129325170545,0.9066763422963173,1.7367655686171897,0.4749394754716126,0.6493313312530518,0.8391066193580627,0.8615341782569885,0.8654810786247253,0.6953937411308289,"[0.7345132827758789, 0.6366459727287292, 0.527999997138977]","[0.9600158333778381, 0.3935264050960541, 0.4613710641860962]","[0.9600158333778381, 0.07045454531908035, 0.49806949496269226, 0.6319290399551392]"
17,4.31163992734868,1.8736794169960638,0.9069713973598081,0.6240177160631444,1.39092004875321,0.4827593668695476,6.28550810488466,2.2394642115346755,1.5608286627676085,0.9243865609169006,1.7662967517750907,0.47316745770348995,0.5973253846168518,0.8378993272781372,0.8613020181655884,0.862695038318634,0.6805348992347717,"[0.4646017551422119, 0.7795031070709229, 0.36800000071525574]","[0.9595068693161011, 0.4156728982925415, 0.3949945569038391]","[0.9595068693161011, 0.11590909212827682, 0.49131274223327637, 0.5465632081031799]"
18,4.291654634410463,1.8657693327878113,0.9018269575774501,0.6222313948891173,1.378850417282685,0.48691891439359025,6.411869022188272,2.2431508522005394,1.5931955770498214,0.9823270157112212,1.7575194053904593,0.48563144672164577,0.6181277632713318,0.7910940051078796,0.818722128868103,0.8234119415283203,0.5542347431182861,"[0.5221238732337952, 0.7329192757606506, 0.4959999918937683]","[0.9023866057395935, 0.3860306739807129, 0.5908596515655518]","[0.9023866057395935, 0.3181818127632141, 0.5685328245162964, 0.353658527135849]"
19,4.234478360957514,1.8219232535000238,0.890473450962875,0.631608208013951,1.3490043149071897,0.47291893713534044,6.188502048526391,2.210833139518602,1.5522019456331384,0.8732650172109067,1.7384916597021085,0.47234148041342416,0.6448736786842346,0.8465824723243713,0.8681741952896118,0.8695207834243774,0.6909360885620117,"[0.8672566413879395, 0.6273291707038879, 0.2879999876022339]","[0.9744938611984253, 0.41260647773742676, 0.277475506067276]","[0.9744938611984253, 0.059090908616781235, 0.5588803291320801, 0.3159645199775696]"
20,4.195314262641099,1.8145849662359361,0.8726993950220656,0.6353305006244531,1.3429487864434255,0.4716361778667249,6.188039420266533,2.2048210934998376,1.548688118111132,0.8858420960273516,1.738415397593105,0.4664056946244367,0.6389301419258118,0.8409175276756287,0.8639487624168396,0.8653417825698853,0.7028231620788574,"[0.7168141603469849, 0.6645962595939636, 0.4320000112056732]","[0.960581362247467, 0.44463372230529785, 0.3438520133495331]","[0.960581362247467, 0.07954545319080353, 0.5752895474433899, 0.43126386404037476]"
21,4.130034003711942,1.782216110549562,0.8630598795042494,0.6216981319505406,1.308937472384686,0.4732786361759497,6.251999366884769,2.2024517699589716,1.5538625002614823,0.9418226107291723,1.7438452884068474,0.4586064725981622,0.6136701107025146,0.8138001561164856,0.8339988589286804,0.8508543968200684,0.6210995316505432,"[0.6415929198265076, 0.5931677222251892, 0.6159999966621399]","[0.9316819310188293, 0.29676321148872375, 0.6702938079833984]","[0.9316819310188293, 0.14318181574344635, 0.6052123308181763, 0.521064281463623]"
22,4.102818468964453,1.7681136551618282,0.8534384162999206,0.6278279892439917,1.303072671119208,0.46504098477399786,6.346748401573929,2.2547716072122137,1.5653369904271928,0.9613028165140916,1.7652652076160873,0.4895064038188592,0.601783037185669,0.8116177320480347,0.839431643486023,0.8377600312232971,0.637444257736206,"[0.4955752193927765, 0.7515528202056885, 0.40799999237060547]","[0.9140368700027466, 0.5223168730735779, 0.41675734519958496]","[0.9140368700027466, 0.25795453786849976, 0.655888020992279, 0.32594233751296997]"
23,4.021126295787171,1.7260717327724933,0.8311429091789734,0.632768745869556,1.2597539711041155,0.4663177603055949,6.2350987539093286,2.209037442589372,1.549556864829021,0.9269475754715215,1.7503036058974903,0.45873383085522523,0.6136701107025146,0.8281946778297424,0.8549870252609253,0.8514580130577087,0.689450204372406,"[0.5442478060722351, 0.7639751434326172, 0.35199999809265137]","[0.9369980692863464, 0.5158432722091675, 0.3601740896701813]","[0.9369980692863464, 0.23863635957241058, 0.49662160873413086, 0.5875831246376038]"
24,3.9810104402897637,1.7044534665863897,0.8236218282155756,0.6293133198984735,1.238998897215825,0.46545456706856686,6.215740384970645,2.195582169099802,1.5464260864682298,0.927306056906986,1.7344799430858489,0.4611022243558122,0.6433877944946289,0.83334881067276,0.8571229577064514,0.8581445217132568,0.6597325205802917,"[0.6238937973976135, 0.6925466060638428, 0.5519999861717224]","[0.9494966864585876, 0.4146507680416107, 0.49292710423469543]","[0.9494966864585876, 0.13636364042758942, 0.5550193190574646, 0.4678492248058319]"
25,3.971602034002627,1.7074611954098977,0.8122419597433701,0.6396569212133033,1.237269947795976,0.47019124915297167,6.347022738584071,2.2419870440967005,1.5631822623555667,0.9786711630552388,1.7736291453817123,0.4683578970789556,0.5170876383781433,0.7642552256584167,0.793647825717926,0.7949015498161316,0.5928677320480347,"[0.28761062026023865, 0.6024844646453857, 0.7120000123977661]","[0.8522226214408875, 0.5015332102775574, 0.5995647311210632]","[0.8522226214408875, 0.3761363625526428, 0.5892857313156128, 0.5521064400672913]"
26,3.8609503708821906,1.6400579845369663,0.7900047953527336,0.640882804233444,1.1681024544019947,0.4719555279868786,6.183171297746879,2.2089400825585384,1.533416216734255,0.9073988022365627,1.727670492333545,0.48126958379140594,0.6077265739440918,0.8444000482559204,0.8671991229057312,0.8678956031799316,0.6953937411308289,"[0.6415929198265076, 0.6273291707038879, 0.4959999918937683]","[0.9622214436531067, 0.44088587164878845, 0.40043526887893677]","[0.9622214436531067, 0.1352272778749466, 0.5482625365257263, 0.4678492248058319]"
27,3.780610395019274,1.618583952341134,0.7656625224524678,0.6307014044700453,1.1564747501903945,0.46210920126414146,6.264060671322423,2.1929683550882766,1.5525814429235034,0.9659294341013764,1.7342520393320644,0.45871632137178314,0.6255571842193604,0.7922548055648804,0.8172362446784973,0.8246192336082458,0.6047548055648804,"[0.5575221180915833, 0.7732919454574585, 0.36800000071525574]","[0.8896052241325378, 0.4558773338794708, 0.5788900852203369]","[0.8896052241325378, 0.2863636314868927, 0.6389961242675781, 0.5022172927856445]"
28,3.718290099905709,1.564169188496383,0.758779298662771,0.6365623114427347,1.0974131643142035,0.46675602289306073,6.2437108546407005,2.2404463991567005,1.5309385567107612,0.9413873326884533,1.771716209122972,0.4687301870711833,0.5453194379806519,0.8307949304580688,0.8565657734870911,0.8562406897544861,0.6909360885620117,"[0.3141593039035797, 0.7049689292907715, 0.5519999861717224]","[0.9381857514381409, 0.4698466658592224, 0.5212187170982361]","[0.9381857514381409, 0.2136363685131073, 0.5661196708679199, 0.5432372689247131]"
29,3.6926990264874098,1.5534685117193883,0.7506181292773861,0.6379942575477505,1.080418762956788,0.47304974835744856,6.241852013222895,2.2404855029873043,1.531054737659873,0.9392570276642411,1.7749664210424225,0.46551908596863734,0.5052005648612976,0.8362277150154114,0.8597697019577026,0.8599089980125427,0.6775631308555603,"[0.2300885021686554, 0.6180124282836914, 0.7120000123977661]","[0.948818027973175, 0.4442930221557617, 0.47334060072898865]","[0.948818027973175, 0.18863636255264282, 0.5130308866500854, 0.5687361359596252]"
30,3.6342792109702056,1.5346122891244236,0.7352619042918007,0.6291431153323344,1.0689933542842913,0.46561893366940194,6.167995973581377,2.2074330687876627,1.5337284120678547,0.8931060826035565,1.7109087419085403,0.496524327277076,0.658246636390686,0.8432392477989197,0.8655275106430054,0.8655739426612854,0.6924219727516174,"[0.7123894095420837, 0.7484471797943115, 0.328000009059906]","[0.9595068693161011, 0.447700172662735, 0.3917301297187805]","[0.9595068693161011, 0.10681818425655365, 0.5535714030265808, 0.4811529815196991]"
31,3.615002825331353,1.527363814086335,0.7187116678950829,0.650215674512842,1.050938113417942,0.47642570319401345,6.347965960686568,2.2460681727095246,1.5581638374385212,0.985570110800712,1.7543702380239787,0.49169793128082945,0.48885586857795715,0.7743777632713318,0.7991734743118286,0.8093425035476685,0.5423476696014404,"[0.36283186078071594, 0.4534161388874054, 0.8080000281333923]","[0.8707725405693054, 0.40511074662208557, 0.6800870299339294]","[0.8707725405693054, 0.3113636374473572, 0.6085907220840454, 0.5521064400672913]"
32,3.5184240774646147,1.4589780798842236,0.7089141761112266,0.6416176476158691,0.9922199478086169,0.4667581342776322,6.234471595605686,2.1981285233879655,1.5413978099822998,0.9535474591509878,1.7070950425343272,0.49103348392672636,0.6612184047698975,0.8170040845870972,0.8435178399085999,0.8415212035179138,0.6537889838218689,"[0.7168141603469849, 0.7639751434326172, 0.29600000381469727]","[0.9165818095207214, 0.5001703500747681, 0.5342763662338257]","[0.9165818095207214, 0.207954540848732, 0.5236486196517944, 0.7184035181999207]"
33,3.4443154164483394,1.423755501247982,0.6899491856019354,0.6406615459638724,0.9578121663081081,0.46594333389279363,6.15102568861285,2.196107003384599,1.5255107090805688,0.9038972727269022,1.700289935315752,0.49581706769300143,0.6210995316505432,0.8379921913146973,0.8617663383483887,0.8613020181655884,0.6909360885620117,"[0.7433628439903259, 0.5590062141418457, 0.5600000023841858]","[0.9506843090057373, 0.4657580852508545, 0.41566920280456543]","[0.9506843090057373, 0.125, 0.6114864945411682, 0.4013303816318512]"
34,3.3885816501106247,1.4044552986298973,0.6714892324141101,0.6411478857109902,0.9278416702833611,0.4766136305090987,6.238353030264201,2.252334988435581,1.5233641548043542,0.9392897325736479,1.7221035447955486,0.5302314403679675,0.6002971529960632,0.8406389355659485,0.8614877462387085,0.8640416264533997,0.6716195940971375,"[0.7920354008674622, 0.4409937858581543, 0.6639999747276306]","[0.9600158333778381, 0.3938671350479126, 0.45919477939605713]","[0.9600158333778381, 0.20227272808551788, 0.47297295928001404, 0.5266075134277344]"
35,3.3523007762528914,1.3848276761583103,0.6657599874130532,0.6359531224965405,0.9151454530105503,0.4696822240580357,6.259202129409292,2.2023734855368864,1.5420699816429297,0.9726886804096777,1.727128067780673,0.47524541253859637,0.5690935850143433,0.7898867130279541,0.8160289525985718,0.8212295770645142,0.5884100794792175,"[0.6371681690216064, 0.4751552939414978, 0.6880000233650208]","[0.885080873966217, 0.48960816860198975, 0.5299238562583923]","[0.885080873966217, 0.31022727489471436, 0.6481660008430481, 0.4656319320201874]"
36,3.243670735662766,1.3375868449764692,0.6435894085400827,0.6189050758537858,0.877958444073253,0.4596284010400206,6.15831616653533,2.1854380694624225,1.5268333361481348,0.919211430082689,1.715199937806285,0.4702381295116082,0.6255571842193604,0.8341846466064453,0.8556835055351257,0.8567979335784912,0.6775631308555603,"[0.7433628439903259, 0.5372670888900757, 0.6399999856948853]","[0.9483090043067932, 0.4286201000213623, 0.4374319911003113]","[0.9483090043067932, 0.13636364042758942, 0.5019304752349854, 0.5809312462806702]"
37,3.1936533826470406,1.3027386982438693,0.638282705653501,0.6143492785064812,0.8469367373527039,0.4558019608766956,6.16704115032796,2.200205124450367,1.5261944164508174,0.9144471754659885,1.7192238880547996,0.48098123714725766,0.6641901731491089,0.8370635509490967,0.8600018620491028,0.8595839738845825,0.6953937411308289,"[0.6681416034698486, 0.7639751434326172, 0.4000000059604645]","[0.9492138624191284, 0.466098815202713, 0.4015233814716339]","[0.9492138624191284, 0.125, 0.5366795659065247, 0.5609756112098694]"
38,3.1479852129678942,1.2900800728167592,0.6117813130562775,0.6343425167630766,0.8307518196683725,0.4593282541902052,6.253199677792784,2.2453645612790254,1.5286219770901281,0.9505911573811879,1.742598895503081,0.5027656660412468,0.5512629747390747,0.8239227533340454,0.8489041328430176,0.8476969003677368,0.6835066676139832,"[0.3053097426891327, 0.760869562625885, 0.4560000002384186]","[0.9304943084716797, 0.5080068111419678, 0.367791086435318]","[0.9304943084716797, 0.24772727489471436, 0.540057897567749, 0.516629695892334]"
39,3.097354522205121,1.2842486128895043,0.5938235460709035,0.625458821858992,0.8162311999295644,0.46801741222066984,6.114612631698744,2.1730705220197004,1.5207964737266744,0.8999491558584332,1.7068490518660502,0.4662214709053407,0.6537889838218689,0.83339524269104,0.8563799858093262,0.8574944138526917,0.6849925518035889,"[0.7566371560096741, 0.6366459727287292, 0.5120000243186951]","[0.9472910165786743, 0.436456561088562, 0.4483133852481842]","[0.9472910165786743, 0.1409090906381607, 0.5415058135986328, 0.5221729278564453]"
40,3.0020381708772153,1.2466586154624477,0.5694787318528548,0.6164220901796269,0.7898341844139205,0.4568244304250147,6.213208341457016,2.1908588653502195,1.5382330506067248,0.9458833708253742,1.7361759354169715,0.4546829328073592,0.5839524269104004,0.8194186687469482,0.8466289043426514,0.8427284359931946,0.6671619415283203,"[0.5486725568771362, 0.5931677222251892, 0.6240000128746033]","[0.9184481501579285, 0.5768313407897949, 0.32644179463386536]","[0.9184481501579285, 0.17045454680919647, 0.6525096297264099, 0.45121949911117554]"
41,2.9667055123817114,1.2335144026602614,0.5558094050028439,0.621572299807143,0.760478744376755,0.4730356595331624,6.295625038599756,2.206635092769249,1.5516513989304224,0.9856871571668178,1.7436472831918508,0.46298780615057367,0.549777090549469,0.7466567754745483,0.777024507522583,0.7760958671569824,0.5973253846168518,"[0.3761062026023865, 0.6521739363670349, 0.6000000238418579]","[0.8312973380088806, 0.536626935005188, 0.5005440711975098]","[0.8312973380088806, 0.4477272629737854, 0.5685328245162964, 0.4911308288574219]"
42,2.889360043650367,1.2031451065819148,0.5428441658449664,0.6005266069366839,0.7408995693296705,0.46224553721541234,6.224068825605715,2.2209823365027543,1.5234942860702378,0.9560979143094592,1.7395472211724572,0.48143511214666623,0.5616641640663147,0.8113391399383545,0.8371564149856567,0.8389208912849426,0.6612184047698975,"[0.4292035400867462, 0.6521739363670349, 0.5680000185966492]","[0.9141499996185303, 0.4643952250480652, 0.5462459325790405]","[0.9141499996185303, 0.24886363744735718, 0.5608108043670654, 0.5787139534950256]"
43,2.912197046813892,1.2122322271296349,0.5357077238314369,0.628549371493054,0.7488374463021906,0.4633947809510943,6.128823856217925,2.163503181333004,1.5236156761469402,0.918089324359724,1.714463027011747,0.44904015383486934,0.6344724893569946,0.8260586857795715,0.8504364490509033,0.851783037185669,0.6835066676139832,"[0.6858407258987427, 0.695652186870575, 0.3840000033378601]","[0.9339441061019897, 0.4708688259124756, 0.45593035221099854]","[0.9339441061019897, 0.16477273404598236, 0.59555983543396, 0.5]"
44,2.830267268250513,1.2105029166753714,0.5064666483247976,0.6068310523027588,0.7474585383792413,0.463044378895965,6.3032606758774214,2.2299747169902133,1.5416699078387253,0.9899461525837816,1.7647489334072486,0.46522578789413155,0.5720653533935547,0.7610048055648804,0.7909547090530396,0.7910940051078796,0.6225854158401489,"[0.3761062026023865, 0.7267080545425415, 0.527999997138977]","[0.8440787196159363, 0.550255537033081, 0.5375407934188843]","[0.8440787196159363, 0.40454545617103577, 0.6457529067993164, 0.46341463923454285]"
45,2.7615094521332213,1.1559505347635586,0.5009066793917745,0.6037455590878051,0.7034127268224166,0.45253780884615613,6.2002983786585775,2.1992863123070236,1.5279880125374043,0.9450360368550355,1.7241775129952133,0.47510880382195425,0.6166418790817261,0.8154253363609314,0.841846227645874,0.8404067754745483,0.6463595628738403,"[0.5973451137542725, 0.6770186424255371, 0.4959999918937683]","[0.9178260564804077, 0.5083475112915039, 0.4450489580631256]","[0.9178260564804077, 0.21477273106575012, 0.5434362888336182, 0.6152993440628052]"
46,2.7109581123387847,1.1700201627088993,0.4831627940811454,0.5746123605607617,0.7077160145698987,0.46230414874672804,6.213680632390325,2.1890140425203817,1.5327533246501617,0.959159940039015,1.7206249583722575,0.46838908047810507,0.6032689213752747,0.8057206273078918,0.831305742263794,0.8342775106430054,0.6092124581336975,"[0.5619469285011292, 0.649068295955658, 0.5600000023841858]","[0.9074199795722961, 0.47802385687828064, 0.4951033592224121]","[0.9074199795722961, 0.25227272510528564, 0.6066602468490601, 0.4911308288574219]"
47,2.676639053902995,1.1398483180829795,0.47092285000127887,0.5949450334002061,0.6873215944695115,0.45252672398968014,6.180265667176742,2.1946690270030533,1.5231485189952907,0.9392995968770557,1.7185703346212824,0.4760986940620207,0.6106983423233032,0.8112927079200745,0.837574303150177,0.8427284359931946,0.6508172154426575,"[0.6769911646842957, 0.5590062141418457, 0.6240000128746033]","[0.9243298172950745, 0.39965927600860596, 0.5669205784797668]","[0.9243298172950745, 0.20909090340137482, 0.5164092779159546, 0.6108647584915161]"
48,2.6567840394460385,1.1514275547125299,0.461905246373135,0.5815459940769386,0.6953769949604616,0.4560505608307187,6.131443414207029,2.188895450855221,1.5171374630857293,0.9082730361191385,1.724192426537194,0.4647030236105537,0.6077265739440918,0.8344632387161255,0.8573551177978516,0.8598625659942627,0.6864784359931946,"[0.5663716793060303, 0.6801242232322693, 0.4959999918937683]","[0.9489876627922058, 0.4350937008857727, 0.44287267327308655]","[0.9489876627922058, 0.1772727221250534, 0.5429536700248718, 0.5066518783569336]"
49,2.6039741526103457,1.1374816007026178,0.4412604194954828,0.5839717165067078,0.671121612253087,0.46635998985177635,6.2078820562504164,2.182509989696016,1.5309942157756682,0.9633836461457725,1.7107928259082648,0.47171716615336584,0.6210995316505432,0.7912797331809998,0.8188614249229431,0.820533037185669,0.6300148367881775,"[0.6061946749687195, 0.649068295955658, 0.5759999752044678]","[0.886607825756073, 0.514139711856842, 0.4885745346546173]","[0.886607825756073, 0.3215909004211426, 0.6351351141929626, 0.43791574239730835]"
50,2.5294030216935806,1.1078658989116656,0.4220924005424109,0.5773523201507775,0.6635771967824845,0.4442887026132584,6.207194161344352,2.21187840406548,1.5235136651851302,0.9482884368132413,1.7382143085009973,0.47366409437062124,0.5750371217727661,0.8151931762695312,0.8407317996025085,0.8404996395111084,0.6567607522010803,"[0.5619469285011292, 0.5590062141418457, 0.6399999856948853]","[0.9170342683792114, 0.5035775303840637, 0.44940152764320374]","[0.9170342683792114, 0.2193181812763214, 0.617277979850769, 0.4589800536632538]"
51,2.5243853126096525,1.1173905980901566,0.42084588330137174,0.5653029494031596,0.667097867523011,0.45029273098150513,6.289717334668078,2.222648460008978,1.5427780908363864,0.9815126813130138,1.7530064374120016,0.46964202317179843,0.580980658531189,0.7755386233329773,0.8065564632415771,0.8003343343734741,0.647845447063446,"[0.5132743120193481, 0.6211180090904236, 0.6000000238418579]","[0.8606492280960083, 0.6057921648025513, 0.40696409344673157]","[0.8606492280960083, 0.3079545497894287, 0.6428571343421936, 0.46008870005607605]"
52,2.44640251344947,1.0993501545507658,0.3949781949692503,0.5570959732350393,0.6492099895803822,0.45014016439422627,6.2676302162759026,2.2234973309655572,1.5394429421212623,0.9652470042514518,1.7269574888382184,0.4965398380593659,0.5973253846168518,0.7934620976448059,0.8194186687469482,0.8193722367286682,0.6181277632713318,"[0.6106194853782654, 0.6211180090904236, 0.5120000243186951]","[0.8905101418495178, 0.5189096927642822, 0.4113166630268097]","[0.8905101418495178, 0.31477272510528564, 0.5777027010917664, 0.47228381037712097]"
53,2.428695748317763,1.0924092898083133,0.38522566820603127,0.5658351198260553,0.6447097720074144,0.4476995169616562,6.196600475367878,2.178033263817739,1.5295267918697097,0.959513628871929,1.7213196641259803,0.4567135982989204,0.6344724893569946,0.7987091541290283,0.8246656656265259,0.8285197019577026,0.647845447063446,"[0.5840708017349243, 0.7453415989875793, 0.4399999976158142]","[0.8984843492507935, 0.47938671708106995, 0.507072925567627]","[0.8984843492507935, 0.20681817829608917, 0.6611968874931335, 0.44789355993270874]"
54,2.425903481255367,1.0826422210971263,0.39243864545706514,0.5583839684769645,0.6196985968919124,0.46294362519704607,6.151309794417474,2.1837318247786617,1.526091330482981,0.9153953136251659,1.7165188785830308,0.46721294876022224,0.6285289525985718,0.8253157734870911,0.8517366051673889,0.8478361964225769,0.6849925518035889,"[0.6371681690216064, 0.6583850979804993, 0.5360000133514404]","[0.9387512803077698, 0.47155025601387024, 0.3917301297187805]","[0.9387512803077698, 0.16022726893424988, 0.46090734004974365, 0.6252771615982056]"
55,2.307400506119,1.0441807667118828,0.36262739597162896,0.5379649488060729,0.5985721045914743,0.44560866099177193,6.14795776220033,2.1752228719190603,1.5238139265015147,0.9251070478903434,1.705660960087083,0.469561907454485,0.6612184047698975,0.8188149929046631,0.8452823162078857,0.8425427079200745,0.6731054782867432,"[0.7035398483276367, 0.739130437374115, 0.3840000033378601]","[0.92449951171875, 0.5209540128707886, 0.35690969228744507]","[0.92449951171875, 0.27272728085517883, 0.5361968874931335, 0.49556541442871094]"
56,2.3208258222720497,1.0771094606328566,0.3493086735235797,0.5450990133044104,0.6288643217347857,0.4482451399319968,6.202554967353889,2.184889450978808,1.5357624115505275,0.9461406939814989,1.7155754781972052,0.4693139738538676,0.6552748680114746,0.8016809225082397,0.8277302980422974,0.8277302980422974,0.6597325205802917,"[0.7964601516723633, 0.6335403919219971, 0.4560000002384186]","[0.9042528867721558, 0.504258930683136, 0.3884657323360443]","[0.9042528867721558, 0.25, 0.5965250730514526, 0.42239469289779663]"
57,2.2882256468055857,1.0618059912921007,0.3471547188915577,0.5321102163918914,0.6168624777287244,0.4449435133423846,6.153492681350482,2.164798869223552,1.5245923355708138,0.9395091234753323,1.7122380347916917,0.4525608380355538,0.6389301419258118,0.8060457110404968,0.8322808146476746,0.8339524269104004,0.6493313312530518,"[0.8053097128868103, 0.5403726696968079, 0.5920000076293945]","[0.9124533534049988, 0.45724019408226013, 0.4874863922595978]","[0.9124533534049988, 0.26249998807907104, 0.5458494424819946, 0.5144124031066895]"
58,2.2720047569489568,1.0554851149046882,0.3401567894123303,0.5362060693234184,0.6063723412317212,0.44911277429779495,6.161408516349,2.1496548044221693,1.5324295649542652,0.9468945676919615,1.7026469870207925,0.4470078155442586,0.6448736786842346,0.7974554300308228,0.8232726454734802,0.8282875418663025,0.6151559948921204,"[0.721238911151886, 0.6614906787872314, 0.46399998664855957]","[0.8993326425552368, 0.4671209454536438, 0.49727964401245117]","[0.8993326425552368, 0.26363635063171387, 0.5989382266998291, 0.5133037567138672]"
59,2.2343230440446913,1.057238409361285,0.3204973752253324,0.5360898846955662,0.6072004023900894,0.4500380056610299,6.185851725343427,2.19858136658145,1.5247666453749207,0.9377370692502144,1.7379997873164779,0.4605815833329447,0.5839524269104004,0.8216938972473145,0.8495078086853027,0.8444000482559204,0.699851393699646,"[0.6371681690216064, 0.5248447060585022, 0.6399999856948853]","[0.9283452033996582, 0.5277683138847351, 0.3601740896701813]","[0.9283452033996582, 0.17499999701976776, 0.5284749269485474, 0.5776053071022034]"
60,2.191641732081873,1.0224616432195055,0.3222017193171053,0.5247766559260555,0.5772221454604259,0.44523949835102183,6.131457715076933,2.173167526191349,1.5259344666223498,0.9064212448519132,1.6985085268756401,0.47465899728172256,0.6656760573387146,0.8274517059326172,0.8530831933021545,0.8497399687767029,0.6701337099075317,"[0.769911527633667, 0.6708074808120728, 0.46399998664855957]","[0.9483655691146851, 0.4323679804801941, 0.36343851685523987]","[0.9483655691146851, 0.13181817531585693, 0.4145752787590027, 0.6164079904556274]"
61,2.1947424379656804,1.024951508330413,0.3178781269502122,0.5340346727213784,0.5830004849840843,0.44195102412769266,6.166709372127092,2.17382610799297,1.5287617250436845,0.9353597956524404,1.7221899085653287,0.4516362043136305,0.6300148367881775,0.8164004683494568,0.8426820039749146,0.8431463837623596,0.6329866051673889,"[0.6238937973976135, 0.6770186424255371, 0.5199999809265137]","[0.9285148978233337, 0.4606473445892334, 0.4113166630268097]","[0.9285148978233337, 0.1977272778749466, 0.5357142686843872, 0.5055432319641113]"
62,2.1179279944332596,1.0136009330075195,0.2937132633223381,0.5169005347856024,0.5715689490373549,0.44203198494884255,6.167173338926864,2.174500424359602,1.5295195494631986,0.9336338193551016,1.7062986144679944,0.4682018133405408,0.6389301419258118,0.8140323162078857,0.8427748680114746,0.8374350070953369,0.6760772466659546,"[0.6681416034698486, 0.6801242232322693, 0.47999998927116394]","[0.917260468006134, 0.5625212788581848, 0.3046790063381195]","[0.917260468006134, 0.22499999403953552, 0.5250965356826782, 0.5875831246376038]"
63,2.147771274982941,1.04033145146047,0.29249573834883996,0.5224483485737995,0.5885439010635053,0.45178755063900333,6.165186461779767,2.1692328378779244,1.528351809928962,0.9392499960848415,1.6941122145610323,0.4751206199121758,0.6493313312530518,0.81254643201828,0.8410103917121887,0.8359955549240112,0.6567607522010803,"[0.8318583965301514, 0.6024844646453857, 0.4399999976158142]","[0.9185047149658203, 0.5144804120063782, 0.39281827211380005]","[0.9185047149658203, 0.2034090906381607, 0.4864864945411682, 0.6385809183120728]"
64,2.0793164869786684,1.000613761714742,0.2846555118344029,0.5093917013510205,0.5685260704349506,0.43208769118244955,6.174269394634032,2.1588686025461032,1.533467462933028,0.9484658738272126,1.6902923148888156,0.46857628871849805,0.647845447063446,0.7944372296333313,0.8230404853820801,0.8196972608566284,0.6433877944946289,"[0.7654867172241211, 0.6055900454521179, 0.5440000295639038]","[0.8927157521247864, 0.5373083353042603, 0.3949945569038391]","[0.8927157521247864, 0.29886364936828613, 0.617277979850769, 0.36141908168792725]"
65,2.0813205403213026,1.0115516655785408,0.27909651971626925,0.5115758369139363,0.556370860623036,0.45518080365060076,6.2373820327509755,2.20514834422386,1.528378172515054,0.9754773341229832,1.7483815230672366,0.4567668220630739,0.5453194379806519,0.8071136474609375,0.8354383111000061,0.8319093585014343,0.6433877944946289,"[0.6150442361831665, 0.4192546606063843, 0.7440000176429749]","[0.9087772965431213, 0.5396933555603027, 0.3688792288303375]","[0.9087772965431213, 0.26818183064460754, 0.5086872577667236, 0.6175166368484497]"
66,2.036347733786183,0.9881085258349207,0.27470451896931214,0.4988301681733666,0.5623981006804938,0.4257104245256527,6.193015757937106,2.2042726122660876,1.523420921772807,0.9419012886834074,1.729741870826359,0.47453073933941675,0.5824665427207947,0.8168647885322571,0.8422176837921143,0.8415212035179138,0.6716195940971375,"[0.4955752193927765, 0.6428571343421936, 0.5839999914169312]","[0.9237642884254456, 0.4943781793117523, 0.3841131627559662]","[0.9237642884254456, 0.20909090340137482, 0.5641891956329346, 0.48337027430534363]"
67,2.010901564322464,0.989200944377746,0.26201800957344495,0.4976646040178177,0.5427300689058314,0.446470876079642,6.142913746197075,2.1763757095846294,1.525634470254802,0.9152690844295287,1.6990233857836852,0.4773523177653109,0.6389301419258118,0.8320022225379944,0.8573086857795715,0.8542440533638,0.6939078569412231,"[0.6946902871131897, 0.6242235898971558, 0.5759999752044678]","[0.9431059956550598, 0.504940390586853, 0.3318824768066406]","[0.9431059956550598, 0.15000000596046448, 0.5926640629768372, 0.40022173523902893]"
68,1.9859185749953474,0.9819666156911353,0.25264101044177684,0.4986699417266377,0.5387521409585213,0.4432144754350522,6.200742531954711,2.1838879733835554,1.5336831231499284,0.9494883085570632,1.6962862697482464,0.4876017039006117,0.6508172154426575,0.8008915185928345,0.8311664462089539,0.8249906897544861,0.6508172154426575,"[0.7831858396530151, 0.6335403919219971, 0.4560000002384186]","[0.8969008326530457, 0.600340723991394, 0.3035908639431]","[0.8969008326530457, 0.22499999403953552, 0.5608108043670654, 0.6075388193130493]"
69,1.9336104481984475,0.9592342340766948,0.2443273218697276,0.48572156919703185,0.5163379813524107,0.44289625189688037,6.191670995084044,2.1818857352174708,1.5335583050102437,0.9426686480774016,1.7069806281466158,0.4749051095912294,0.6255571842193604,0.8130571842193604,0.8398495316505432,0.8380386233329773,0.6448736786842346,"[0.5707964897155762, 0.7018633484840393, 0.527999997138977]","[0.9189005494117737, 0.5161839723587036, 0.35255712270736694]","[0.9189005494117737, 0.16363635659217834, 0.6047297120094299, 0.4467849135398865]"
70,1.9424891803442954,0.9731926571286305,0.238049825370992,0.49319686902990173,0.5411417364424879,0.43205092071771284,6.231792362224454,2.212059851923753,1.5301705453799104,0.9593914043301999,1.7347993160921318,0.4772605374013281,0.5690935850143433,0.8010308146476746,0.829123318195343,0.8262444138526917,0.637444257736206,"[0.45132744312286377, 0.6366459727287292, 0.6079999804496765]","[0.9026128053665161, 0.5240204334259033, 0.38955387473106384]","[0.9026128053665161, 0.29318180680274963, 0.5352316498756409, 0.5177383422851562]"
71,1.9036299337571247,0.9541176664813559,0.23519331243253605,0.47912564907984767,0.5243273971767628,0.4297902719893803,6.14346820452093,2.15033219935986,1.527627502421597,0.9378810130523999,1.687225853300236,0.46310634115152616,0.6523030996322632,0.8121285438537598,0.839524507522583,0.837620735168457,0.6463595628738403,"[0.8097345232963562, 0.6024844646453857, 0.4959999918937683]","[0.9198620319366455, 0.4814310073852539, 0.4374319911003113]","[0.9198620319366455, 0.18977272510528564, 0.5086872577667236, 0.6130820512771606]"
72,1.8864604976467418,0.9385847444034412,0.23510275719809312,0.47767023660257807,0.5044656564543407,0.4341190889961807,6.165436787138353,2.165410960109722,1.5294658331206008,0.9410941675084281,1.708480664813554,0.4569302967111152,0.6315007209777832,0.8026095628738403,0.8308877944946289,0.8299127221107483,0.6448736786842346,"[0.7256637215614319, 0.5993788838386536, 0.5440000295639038]","[0.9023866057395935, 0.5321975946426392, 0.40914037823677063]","[0.9023866057395935, 0.20113636553287506, 0.6689189076423645, 0.39246121048927307]"
73,1.875778258711379,0.9501046858194467,0.22582496704712468,0.4740236370442445,0.515845433978087,0.4342592529647347,6.1275184755862995,2.1515388555979515,1.5275458154055768,0.9208879725515665,1.6994717726014135,0.4520670788401312,0.6166418790817261,0.8222047090530396,0.8503900170326233,0.8445858359336853,0.6775631308555603,"[0.6194690465927124, 0.7142857313156128, 0.36000001430511475]","[0.9318516254425049, 0.5328790545463562, 0.2970620095729828]","[0.9318516254425049, 0.20681817829608917, 0.5101351141929626, 0.5243902206420898]"
74,1.8659267901563759,0.9415782831045101,0.2216838473034797,0.480980810329328,0.5061497458445057,0.43542853765200173,6.187060145313025,2.1704197120949495,1.5310910363579362,0.954458348298285,1.7068225937710317,0.4635971140348593,0.6092124581336975,0.8049312829971313,0.8338131308555603,0.829030454158783,0.6716195940971375,"[0.6415929198265076, 0.5962733030319214, 0.5839999914169312]","[0.9057233333587646, 0.564224898815155, 0.3112078309059143]","[0.9057233333587646, 0.23522727191448212, 0.5685328245162964, 0.5033259391784668]"
75,1.8418665863144188,0.9451358645684146,0.21211427436851332,0.4725021745875321,0.5090254746785916,0.436110390071352,6.183095821640966,2.185099697254532,1.5269375448764608,0.9441210291505922,1.7196325261798033,0.46546717455682485,0.5616641640663147,0.8247120976448059,0.8525260090827942,0.848068356513977,0.6879643201828003,"[0.5884955525398254, 0.47826087474823, 0.7279999852180481]","[0.9357538819313049, 0.5103918313980103, 0.3438520133495331]","[0.9357538819313049, 0.1295454502105713, 0.5250965356826782, 0.572062075138092]"
76,1.8618591327106382,0.9636555337469545,0.21159172599129952,0.4750201479339017,0.5208524956469317,0.44280303763962314,6.133023530863866,2.167304692707005,1.527574038293312,0.9105707527268181,1.6880580766972166,0.4792466123839868,0.6567607522010803,0.8258729577064514,0.8519688248634338,0.8488577008247375,0.6849925518035889,"[0.6858407258987427, 0.7515528202056885, 0.36000001430511475]","[0.9374505281448364, 0.5052810907363892, 0.3144722580909729]","[0.9374505281448364, 0.15340909361839294, 0.5434362888336182, 0.49223947525024414]"
77,1.8377801196128,0.9466565055520579,0.2122918075036243,0.4665399991381813,0.5098640198493593,0.43679248635515067,6.116854359205115,2.175981688570198,1.5269178615479513,0.8870369500151728,1.704993183252012,0.47098850403589027,0.6508172154426575,0.8343239426612854,0.8602340221405029,0.8582838177680969,0.6835066676139832,"[0.8362832069396973, 0.6552795171737671, 0.30399999022483826]","[0.9506277441978455, 0.4838160276412964, 0.32317736744880676]","[0.9506277441978455, 0.08749999850988388, 0.5444015264511108, 0.521064281463623]"
78,1.8021478100253914,0.9255840403048939,0.20408276455497482,0.46839823837916067,0.4997487516226676,0.42583528918735053,6.196777826246946,2.1854076339512267,1.5311402984471987,0.9490896040678731,1.7169845415505882,0.4684230901455667,0.570579469203949,0.8208116888999939,0.8489041328430176,0.8442143201828003,0.668647825717926,"[0.5530973672866821, 0.5652173757553101, 0.6159999966621399]","[0.9268748164176941, 0.5546848177909851, 0.2883569002151489]","[0.9268748164176941, 0.18409091234207153, 0.5810810923576355, 0.47228381037712097]"
79,1.7755518332896236,0.9125869787252697,0.19735716760566135,0.46825052220564906,0.4777515896608448,0.4348353892827859,6.184194925630836,2.191540478245087,1.5265493361108027,0.9395557854225091,1.7230405867630367,0.46849989276434617,0.5928677320480347,0.8232262134552002,0.849925696849823,0.8458395004272461,0.6745913624763489,"[0.5619469285011292, 0.6645962595939636, 0.46399998664855957]","[0.9307205080986023, 0.5250425934791565, 0.33297061920166016]","[0.9307205080986023, 0.18863636255264282, 0.5588803291320801, 0.48226162791252136]"
80,1.7508733685201516,0.9136826838814807,0.19294515169528975,0.45130037871455037,0.4865121411470949,0.42717054274754,6.167535985612727,2.175476352255847,1.5257868554542608,0.9404859059995997,1.6961168783001093,0.4793594746853195,0.6315007209777832,0.8074387311935425,0.8348346948623657,0.8335809707641602,0.6523030996322632,"[0.8716813921928406, 0.5279502868652344, 0.46399998664855957]","[0.9127361178398132, 0.4810902774333954, 0.46572360396385193]","[0.9127361178398132, 0.22840909659862518, 0.5574324131011963, 0.5066518783569336]"
